l,h
140,76
170,76
140,76
140,76
125,55
125,55
120,55
120,55
120,55
120,55
184,18
275,76
275,76
210,76
169,55
236,38
276,38
276,38
186,38
253,38
253,38
254,38
254,38
264,14
269,20
269,20
247,38
247,38
196,38
220,38
255,38
157,38
106,34
253,55
254,55
291,85
257,96
257,96
443,76
443,76
299,76
299,76
436,76
436,76
409,76
409,76
187,76
187,76
197,55
197,55
120,55
157,76
240,55
240,55
210,20
214,14
214,38
177,20
165,14
120,55
170,55
170,55
170,55
126,55
126,55
120.8,55
211,96
211,96
120,55
120,55
120,55
120,55
120,55
120,55
120,55
120,55
120,55
120,55
169,55
194,38
299,38
299,38
270,38
267,38
267,38
220,26
200,76
200,76
200,76
195,76
210,76
210,76
261,38
248,38
248,38
120,55
120,55
120,55
120,55
125,55
125,55
125,55
125,55
294,55
293,55
120,55
120,55
275,76
275,76
175,38
205,38
150,30
200,24
120,55
120,55
120,55
120,55
140,24
170,55
170,55
111,76
111,76
239,38
206,38
206,38
206,38
206,38
210,76
211,96
211,96
211,96
154,38
106,28
120,55
179,38
179,18
120,55
120,55
210,76
210,76
210,76
120,55
160,55
145,55
145,55
120,55
120,55
120,55
125,55
120,55
120,55
152,38
218,55
201,76
201,76
195,76
210,76
210,76
210,76
210,96
210,96
120,55
120,55
120,55
120,55
120,55
120,55
193,18
190,38
185,76
223,76
185,76
177,14
161.7,38
200,76
198,76
284,26
279,34
430,76
430,76
430,76
430,76
229,76
406,76
406,76
212,96
212,96
406,76
406,76
408,76
170,76
397,76
397,76
360,38
360,38
236,38
435,76
225,76
420,76
420,76
303,76
303,76
422,76
422,76
420,76
420,76
336,76
336,76
318,76
318,76
300,76
300,76
348,76
348,76
430,76
430,76
305,76
305,76
250,76
250,76
216,55
219,96
219,96
218,96
218,96
100,96
100,96
102,96
102,96
100,38
317,38
314,38
314,38
150,76
121,38
123,38
142,38
340,76
340,76
340,76
340,76
451,38
150,38
414,76
414,76
432,76
432,76
384,76
384,76
154,38
154,38
269,32
129,32
342,38
342,38
100,38
272,38
264,38
264,38
232,38
230,38
100,38
324,38
326,38
326,38
117,38
100,38
100,38
121,38
75,18
289,76
280,76
167,38
167,38
178,76
178,76
150,76
150,76
150,76
150,76
218,38
275,38
275,38
153,38
153,38
100,38
220,55
220,55
223,76
101,38
280,24
330,38
330,38
310,38
100,38
150,76
150,76
150,76
323,38
291,55
291,55
320,38
126,38
125,38
431,12
405,38
405,38
100,38
155,38
155,38
155,38
155,38
193,34
157,34
53,26
160,76
150,76
150,76
150,76
179,26
185,26
140,38
141,38
205,34
202,34
161,34
151,38
145,38
110,20
234,38
220,76
283,76
284,76
284,76
145,55
123,18
153,18
136,18
118,32
147,34
120,22
111,38
120,38
140,38
140,38
174,28
220,30
95,55
345,76
408,38
408,38
122,55
123,55
216,55
218,38
162,34
162,34
283.5,30
270,55
270,55
248,38
248,38
145,55
181,34
200,34
162,55
162,55
147,26
150,26
101,26
197,26
240,55
111,38
232,76
236,76
236,76
166,38
299,76
129,76
354,76
354,76
276,76
276,76
204,55
204,55
184,55
184,55
120,55
195,34
207,34
184,38
184,38
140,38
130,34
117,34
145,55
425,55
303,76
298,76
295,55
294,55
182,55
175,55
172,55
175,55
172,55
103,55
207,34
134,38
190,76
190,76
150,76
222,38
222,38
128,38
116,20
117,20
182,34
151,34
257,38
310,38
148,34
158,34
107,34
142,34
62,34
254,34
254,34
60,34
145,55
334,38
265,38
265,38
171,34
168,34
196,20
188,34
192,34
191,34
230,34
204,34
303,38
251,38
190,38
245,34
241,34
253,34
140,34
135.6,34
131,34
140,55
190,34
219,34
238,34
147,34
165,55
241,55
230,76
233,76
406,76
407,76
301,34
235,34
117,38
159.5,16
214,34
180,34
166,34
210,55
154,55
210,55
280,55
280,55
280,55
324,38
211,38
85,30
213,38
215,38
150,55
150,55
150,55
150,55
225,76
221,76
221,76
91,38
183,34
183,34
224,76
220,76
242,38
216,38
179,38
178,38
91,55
91,38
87,18
131,18
211,34
211,76
242,34
243,34
149.5,38
160,55
160,55
177,34
140,55
192,34
197,34
90,55
90,55
90,55
149,34
148,34
137.5,34
181,34
195,34
185,38
195,22
142,34
202,34
244,76
242,55
252,38
90,34
95,34
140,20
159,20
123,34
118,20
150,20
145,34
125,30
193,76
131,76
187,34
169,34
170,55
170,55
280,55
280,55
280,55
144,34
117,38
101,30
120,55
120,55
120,55
120,55
120,55
130,55
135,55
120,34
103,38
220,38
120,55
120,55
120,55
120,55
106,38
160,55
160,55
145,55
60,55
150,55
150,55
120,55
120,55
120,55
210,38
234,38
234,38
120,55
170,76
170,76
134,55
153,55
147,55
120,38
120,55
149,20
120,55
160,55
160,55
150,38
131,38
185,76
185,76
185,76
107,30
120,55
120,55
110,55
135,55
135,55
140,55
160,55
306.3,38
280,76
280,55
210,76
210,76
160,55
240,55
160,55
120,55
120,55
111,38
120,55
120,55
140,76
120,55
120,55
130,55
130,55
150,26
150,26
177,38
210,55
210,55
120,55
120,55
120,55
112,38
170,76
170,76
108,55
140,55
106,38
120,18
120,18
113,20
117,18
120,55
115,55
120,55
150,38
150,38
150,55
150,55
345,55
189,55
432,76
433,76
407,76
512,76
142,38
142,38
208,38
234,38
168,20
211,76
211,76
110,24
111,55
160,55
160,55
60,55
110,55
120,55
170,76
170,76
180,76
180,76
160,38
151,24
150,38
120,55
130,55
130,55
150,55
110,55
110,55
160,55
210,55
210,55
210,55
210,55
120,55
100,26
229,76
190,24
191,24
111,55
132,26
140,16
399,76
406,76
401,76
400,76
412,76
421,76
418,76
365,76
365,76
365,76
210,76
210,76
210,76
160,55
160,55
120,55
120,55
130,55
110,55
110,55
111,55
111,55
160,55
160,55
120,55
160,55
160,55
216,76
125,76
388,76
388,76
286,76
286,76
140.5,32
191.5,20
110,55
110,55
165,55
165,55
126.7,55
120,76
143,76
143,76
143,76
130,55
120,55
118,55
104,55
110,24
121,55
150,55
150,55
120,55
120,55
120,55
120,55
120,55
120,55
161,55
161,55
161,55
120,55
150,38
150,38
143,24
150,55
150,55
120,55
120,55
110,55
163,20
163,20
110,55
120,55
150,55
150,55
120,55
120,28
110,55
160,55
160,55
119.5,26
136,38
110,55
114,16
117,16
170,76
170,76
160,55
124,38
117,12
159,55
157,55
120,55
120,55
177,55
177,55
177,55
122,55
120,55
110,55
110,55
170,55
170,55
170,55
170,55
170,55
160,55
120,55
120,55
160,55
160,55
160,55
140,55
140,55
127,76
188,76
188,76
182,18
165,30
370,76
370,76
293,38
293,38
152,18
152,18
140,55
140,55
140,55
140,38
170,38
170,55
173,34
197,34
352,38
155,38
413,38
308,76
308,76
313,34
290,34
290,34
161,55
163,55
109,18
171,55
171,55
171,55
114,24
145,38
116,55
116,55
145,18
181,38
176,55
175,55
146,34
169,34
130,55
131,55
168,34
169,34
169,34
139,38
151,30
215,38
171,55
161,55
161,55
160,34
160,34
122,34
120,34
120,34
282,55
280,55
280,55
160,34
174,32
105,76
275,76
270,76
270,76
376,76
376,76
238,76
238,76
129,55
129,55
118,55
116,55
115,38
115,38
185,55
185,55
426,76
426,76
423,76
423,76
442,55
442,55
447,55
447,55
155,34
139,34
220,30
156,18
145,38
125,38
191,34
157,34
169,55
169,55
155,38
109,34
170,55
170,55
115,38
127,38
166,34
141,34
171,55
176,55
148,38
120,28
134,12
150,38
123,38
121,38
181,55
193,38
140,55
172,34
194,34
140,55
178,34
172,34
200,34
180,34
168,38
184,38
184,38
170,55
140,55
271,34
272,34
272,34
177,34
140,38
146,38
125,34
116,55
116,55
116,55
116,55
158,34
394,34
394,34
401,34
401,34
141,55
191,55
122,38
122,38
120,38
120,38
171,38
173,38
122,38
212,34
215,34
215,34
125,55
120,55
120,55
127,34
158,34
163,34
110,55
100,26
405,38
425,76
571,76
145,34
144,34
144,34
363,38
354,38
249,55
249,55
192,55
192,55
256,38
332,34
332,34
263,55
152,55
140,55
171,34
157,38
110,32
60,30
64,30
179,38
179,38
229,34
256,38
185,38
417,38
407,38
407,38
85,55
295,34
295,34
85,55
85,20
85,14
189,34
182,34
217,24
252,24
178,34
178,34
131,38
131,38
252,38
180,76
180,76
56,20
292,76
274,76
172,55
50,55
272,76
271,76
271,76
147,55
143,55
195,34
195,34
75,20
72,38
215,26
215,26
108,22
136,38
92,55
164,76
152,76
85,38
90,55
248,55
241,55
241,55
60,34
140,34
205,38
209,38
217,34
194,34
140,55
140,55
160,38
160,38
170,55
190,55
137,34
137,34
168,38
158,26
52,34
60,38
56,30
111,26
57,38
57,38
145,38
95,26
80,28
138,76
138,76
127,34
127,34
120,34
73,26
141,38
193,38
193,38
60,38
69,55
70,26
85,38
120,55
160,34
160,34
147,76
162,76
160,34
160,34
165,55
160,34
165,55
210,76
210,76
52,34
157,38
160,22
297,38
171,76
171,76
170,76
372,76
372,76
431,76
487,76
116,76
62,76
406,76
210,76
194,76
185,76
216,76
216,76
198,34
198,34
205,34
165,38
197,30
186,76
186,76
133,76
133,76
151,34
151,34
50,34
119,26
78,38
72,38
184,38
184,38
110,26
110,32
132,26
116,26
131,30
114,26
176,76
173,38
220,38
220,38
203,38
204,38
204,38
275,38
281,38
281,38
178,38
178,38
185,22
186,32
98,34
134,55
104,38
135,22
130,34
155,34
91,18
405,76
405,76
405,76
174,38
174,38
154,34
152,34
137,34
137,34
175,38
198,38
222,34
241,34
167,30
160,30
153,30
284,55
235,38
272,32
280,55
274,38
87,38
188,34
188,38
165,55
165,55
165,55
165,55
245,34
205,38
205,38
120,16
136,30
128,55
118,55
118,55
131,34
160,38
160,30
140,55
184,16
283,38
322,38
322,38
179,38
197,38
160,34
165,38
165,34
123,28
122,55
157,30
168,34
133,34
73,38
404,38
403,38
403,38
226,76
226,76
268,38
220,38
220,38
138,38
195,76
210,38
263,38
120,34
140,76
140,76
60,34
196,38
212,38
145,32
190,76
190,76
179,38
176,38
120,34
60,38
300,34
300,34
300,34
205,38
199,38
191,38
191,38
170,55
190,55
101,26
83,26
98,38
138,55
154,38
170,76
189,76
182,38
251,38
251,38
80,38
93,26
221,38
214,38
140,76
140,76
166,76
166,76
206,38
261,38
208,34
193,38
259,76
259,76
146,34
152,34
95,34
186,38
175,34
75,28
224,76
212,76
140,76
140,76
281,76
281,76
140,76
170,55
170,55
255,34
302,24
149,16
120,16
171,55
171,55
171,55
142,24
142,24
170,55
170,55
187,55
187,55
210,76
210,76
210,76
213,55
213,55
213,55
213,55
213,55
258,20
258,20
290,20
290,20
210,55
210,55
210,55
408,55
368,55
415,55
378,55
280,38
280,38
170,26
170,55
170,30
170,30
170,20
241,38
210,76
210,76
210,76
140,55
140,55
248.55,32
180,38
210,76
210,76
170,55
170,55
170,55
170,55
210,55
170,76
170,76
109,32
210,55
210,55
210,55
170,55
210,76
210,76
234,26
250,30
210,38
210,38
140,10
120,38
131,38
140,38
140,55
170,30
170,30
211,38
220,76
220,76
210,55
210,55
210,55
210,55
250,55
250,55
150,20
150,28
170,55
120,30
120,30
180,20
127,22
140,55
140,55
508,76
213,76
345,76
346,76
627.5,76
627.5,76
218,76
218,76
210,76
210,76
220,76
220,76
220,76
220,76
210,26
210,76
210,76
170,55
257,16
257,16
140,55
140,55
210,76
210,76
177,55
177,55
177,55
170,55
170,55
140,55
140,55
210,76
210,76
212,55
212,55
212,55
170,55
170,55
170,55
181,30
181,30
170,38
210,76
210,76
140,55
140,55
135,20
124,26
200,55
210,76
210,76
210,76
210.2,76
210.2,76
140,55
140,55
170,55
170,55
144,28
125.51,55
210,55
210,55
210,55
170,38
170,38
148,30
238,28
170,55
140,55
120,6
353,76
187,76
372,76
210,76
170,55
210,76
190,55
142,55
164,55
170,55
110,34
103,34
140,55
140,55
140,55
140,55
112,34
196,30
140,34
140,34
118,55
118,55
115,34
140,34
140,34
115,38
140,55
140,55
78,55
78,55
120,34
199,34
110,34
140,55
140,55
115,55
170,76
170,76
127,34
170,34
170,34
115,55
174,34
174,34
118,34
118,34
115,55
115,55
150,55
150,55
140,55
140,55
165,38
165,38
115,55
115,55
100,34
100,34
104,34
115,34
115,34
140,34
160,34
140,76
400,76
400,76
399,76
399,76
140,55
140,55
107,76
107,76
150,55
140,55
140,55
140,55
160,36
160,16
140,24
140,26
110,32
110,38
110,38
140,32
140,32
170,76
170,76
88,55
75,55
75,55
190,76
190,76
120,76
93,55
144,34
144,34
115,38
110,38
170,55
170,55
140,34
140,34
115,34
115,34
300,55
304,34
304,34
140,55
140,55
170,55
170,55
180,34
180,34
90,28
90,28
265,76
210,76
212,76
173,76
160,76
160,76
115,34
140,34
110,38
162,55
150,34
112,34
112,34
115,55
126,55
110,28
110,28
186,34
160,34
212,38
212,55
124,24
90,34
94,28
115,55
115,55
140,24
140,34
140,55
140,55
140,55
264,76
95,76
323,76
399,76
192,55
155,76
190,76
550,76
403,76
403,76
175,38
175,38
140,55
140,55
190,18
232,55
120,55
150,34
150,34
150,34
300,76
300,55
300,55
142,34
142,34
160,28
160,28
110,55
110,55
170,34
146,34
140,38
160,34
160,34
120,34
160,38
190,76
190,76
246,76
212,76
140,76
140,55
216,20
216,20
153,34
152,34
140,38
140,38
106,38
106,38
210,55
210,55
210,55
191,76
190,76
190,76
148,34
147,32
107,20
107,24
70,76
70,76
111,76
111,76
115,55
170,34
170,34
140,34
115,16
95,22
95,24
115,34
115,34
115,55
252,76
252,76
252,76
252,76
219,76
219,76
261,76
280,76
166,38
280,76
280,76
211,76
212,76
211,76
214,76
210,96
210,96
210,96
210,96
210,96
210,96
210,96
210,76
210,76
232,76
218,76
210,96
210,96
210,76
249,76
210,76
210,76
215,96
215,96
210,76
210,76
210,96
210,96
221,76
225,76
225,76
210,96
210,96
140,76
215,76
215,76
210,96
210,96
193,34
212,96
212,96
215,96
215,96
210,96
210,96
216,96
216,96
250,76
250,76
210,96
210,96
220,76
220,76
247,96
247,96
210,96
210,96
240,96
240,96
240,96
240,96
410,76
410,76
410,76
410,76
324,38
213,96
213,96
225,96
225,96
210,96
350,76
350,76
210,76
210,76
210,76
210,76
233,76
221,76
221,76
244,76
238,76
238,76
255,76
255,76
261,76
261,76
342,76
342,76
231,76
231,76
187,76
187,76
234,76
234,76
212,96
212,96
229,34
229,34
229,38
225,76
238,76
215,96
215,96
215,96
242,76
223,76
210,76
210,76
210,76
110,76
223,76
210,76
210,76
221,76
211,76
211,76
235,34
263,34
266,55
244,55
199,38
220,38
220,38
220,38
320,76
320,76
170,76
170,76
232,76
232,76
232,76
210,96
210,96
258,76
248,76
248,76
210,76
210,76
210,76
210,76
220,76
247,76
247,76
225,76
223,76
210,96
210,96
210,96
298,76
298,76
241,38
281,38
281,38
170,38
176,38
311,76
245,76
242,76
242,76
222,76
214,76
214,76
216,76
263,76
263,76
211,96
211,96
212,96
212,96
252,30
210,96
210,96
210,76
211,76
211,76
210,76
210,76
265,76
234,76
210,96
210,96
215,96
215,76
210,96
210,96
210,76
210,76
210,96
210,96
355,55
409,55
405,76
351,76
170,76
211,96
211,96
211,96
210,96
210,96
210,96
210,96
210,96
210,96
210,96
210,96
210,76
210,76
210,76
210,76
210,76
210,96
210,96
210,96
210,96
210,96
210,96
210,96
210,96
210,96
210,96
210,96
210,96
212,76
222,76
222,76
257,76
257,76
285,76
285,76
210,96
210,96
210,76
210,76
210,96
210,76
210,76
244,76
244,76
242,76
242,76
218,76
218,76
218,76
218,76
160,76
160,76
210,76
210,76
210,76
210,76
160,76
160,76
160,76
160,76
210,76
210,76
210,76
160,76
160,76
220,76
205,76
220,76
220,76
210,76
210,76
210,76
210,76
210,76
160,76
160,76
280,76
280,76
280,76
210,76
210,76
210,76
210,76
210,76
210,76
205,76
235,76
235,76
160,38
225,38
225,38
187,76
175,76
180,76
160,76
160,76
160,76
160,76
210,76
210,76
144,26
160,38
120,38
140,38
170,76
170,76
90,76
147,38
145,38
120,32
140,32
140,38
140,38
140,38
140,76
140,76
170,34
170,22
170,22
120,38
120,38
117,38
170,38
170,38
156,38
140,38
173,38
170,76
170,76
170,38
170,38
120,76
120,34
170,38
160,55
140,34
140,34
120,32
140,26
151,34
151,34
145,30
145,38
140,38
100,38
437,76
140,76
125,76
380,76
380,76
140,76
140,76
132,32
190,38
190,34
190,34
158,20
242,38
175,38
175,38
203,38
270,38
167,38
165,55
180,34
182,34
232,34
230,76
230,76
165,38
165,55
165,20
165,34
106,38
258,76
258,76
251,76
251,76
257,38
204,38
204,38
220,28
220,24
357,38
425,26
325,34
369,76
292,76
292,76
412,76
412,76
290,76
290,76
447,76
447,76
200,76
212,38
184,38
145,38
133,38
110,38
180,38
165,55
222,76
222,76
180,76
180,76
180,76
180,76
180,76
190,55
190,55
120,38
120,38
323,38
358,38
363,38
345,38
439,76
439,76
416,76
362,76
99,38
115,38
100,22
163,38
199,20
160,55
192,55
165,55
256,55
256,55
280,76
140,76
280,76
140,76
215,76
160,76
183,76
192,38
297,38
301,38
306,38
180,38
180,38
180,38
353,76
353,76
115,55
115,55
60,20
60,38
190,55
190,55
234,38
195,28
60,38
60,38
60,26
140,76
140,76
120,55
120,55
177,20
144,32
215,76
215,76
180,55
172,55
172,55
215,76
215,76
115,55
115,55
161,76
301,38
210,76
210,76
210,76
220,76
220,76
220,76
220,76
220,76
220,76
220,76
184,38
184,36
183,34
181,26
318,76
376,76
376,76
449,76
449,76
416,76
416,76
420,76
420,76
258,30
258,30
168,76
168,76
168,76
168,76
153,38
153,38
170,76
170,76
222,76
222,76
165,38
165,38
171,76
171,76
170,76
170,76
208,76
208,76
180,76
180,76
274,76
210,76
211,76
211,76
220,76
220,76
220,76
220,76
170,76
170,76
159,38
159,38
131,55
236,76
140,76
220,76
220,76
109,38
195,55
195,55
220,55
220,55
170,55
140,55
276,76
276,76
200,55
200,55
198,76
195,76
171,76
171,76
220,76
220,76
220,76
131,55
220,55
220,55
140,55
140,55
200,55
151,34
165,38
195,55
195,55
200,55
200,55
167,76
167,76
140,55
179,26
161,28
230,76
220,76
167,76
167,76
220,76
220,76
220,76
220,76
220,76
220,76
187,38
187,38
220,76
220,76
178,22
188,30
131,55
220,76
220,76
220,76
220,76
195,55
195,55
140,76
220,76
220,76
232,76
222,76
220,76
220,76
220,76
165,38
198,34
198,34
240,76
240,76
240,76
165,34
159,34
140,55
140,55
180,38
179,38
179,38
179,38
140,55
220,76
220,76
220,76
218,55
221,55
221,55
245,76
220,76
120,26
220,76
220,76
220,76
220,76
220,76
220,76
220,76
220,76
220,76
297,76
325,76
323,76
197,76
196,76
114,26
114,26
130,55
130,55
200,55
220,55
127,28
140,55
131,55
90,18
144,28
245,76
245,76
245,76
176,76
176,76
220,38
218,38
140,76
90,55
90,55
115,38
160,55
90,55
90,55
217,76
220,76
170,76
170,76
170,76
90,55
175,26
157,28
157,28
90,55
140,76
140,76
243,32
180,55
180,55
200,12
200,12
490,76
490,76
220,76
220,76
220,76
220,76
245,76
245,76
220,76
220,76
170,76
170,76
220,76
220,76
196,55
196,55
157,55
157,55
90,55
90,55
503,76
403,76
297,76
297,76
401.75,76
401.75,76
400,76
400,76
140,30
140,30
170,55
170,55
163,26
175,28
140,76
140,76
120,28
140,55
200,38
225,10
132,12
140,55
140,55
140,55
90,55
170,76
404,76
232,38
403,76
232,76
170,76
252,76
322,76
170,76
150,55
150,55
180,38
180,38
283,38
283,38
178,38
140,55
140,55
245,76
245,76
245,76
140,55
140,55
140,55
190,26
90,26
90,55
90,26
147,38
190,76
190,76
190,76
90,55
302,76
302,76
245,76
245,76
245,76
140,55
140,55
140,55
85,38
90,55
90,55
90,55
225,76
225,76
140,55
140,55
140,55
206,26
170,28
152,30
120,38
206,22
214,22
140,26
220,38
205,38
90,55
170,55
170,55
90,55
110,55
401,76
401,76
203,96
203,96
438,76
438,76
627,76
627,76
475,76
475,76
438,76
438,76
239.5,96
239.5,96
220.5,96
220.5,96
140,76
140,76
208,96
208,96
178,96
178,96
263,96
263,96
163,96
163,96
208,96
208,96
211,96
211,96
206,96
209,96
209,96
210,96
208,96
217,96
197,96
197,96
275,76
305,76
151,96
165,55
209.4,96
209.4,96
140,76
140,76
219,96
219,96
207,96
207,96
140,76
140,76
202,96
202,96
210,96
210,96
152.3,96
152.3,96
452,76
452,76
437,76
437,76
438,76
438,76
422,76
422,76
201,96
201,96
200,96
200,96
357,76
357,76
234,96
234,96
236,96
300,38
300,38
200,96
200,96
200,96
276,76
276,76
242,76
242,76
278,76
278,76
201,96
201,96
200,96
200,96
221,96
285,76
285,76
252,96
252,96
212,96
212,96
203,96
203,96
192,96
192,96
205,96
205,96
195,76
195,76
136,96
204,96
204,96
180,96
180,96
202,96
202,96
140,96
140,96
214.5,96
214.5,96
204,96
204,96
211,96
211,96
202,96
202,96
226,96
226,96
201,96
201,96
140,76
140,76
140,76
140,76
228,96
228,96
147,96
147,96
174,96
174,96
340,76
264,76
203,96
220,96
253,96
140,96
140,96
203,96
203,96
140,96
140,96
157,96
157,96
211,96
211,96
174,96
174,96
195,55
195,76
140,96
204,96
204,96
202.1,96
202.1,96
217,96
217,96
142,96
142,96
240,96
240,96
214,96
214,96
233,96
233,96
215,96
215,96
145,96
145,96
150,96
150,96
228,96
228,96
140,96
140,96
212,76
240,76
220,76
250,76
181,28
170,34
147,34
121,34
154,38
97,28
492,76
492,76
483,76
454,76
463,76
463,76
201,96
201,96
160,34
100,28
395,76
445,76
361,76
140,76
140,76
194,38
238,28
225,76
225,76
203,76
203,76
74,28
220,76
220,76
300,76
300,76
117,28
147,34
220,76
220,76
220,76
213,76
172,76
172,76
210,76
210,76
150,38
150,38
219,76
219,76
218,76
145,76
157.45,76
157.45,76
211,76
211,76
219.4,76
224.1,76
497,76
210,76
210,76
216,76
216,76
222,76
222,76
222,76
221.5,76
221.5,76
236,76
236,76
433,76
433,76
375.75,76
375.75,76
165,76
165,76
229.5,76
211,76
211,76
174,76
174,76
165,76
150,34
150,34
210,76
210,76
171,76
171,76
210,76
210,76
211,76
211,76
163,76
215,76
215,76
229,76
231,76
230,76
190.4,76
310,32
220,76
205,76
215,76
211,76
211,76
210,76
210,76
210,76
221,76
221,76
216,76
155,55
140,55
140,55
260,76
260,76
210,76
210,76
230,76
230,76
170,76
170,76
320,76
320,76
422,76
422,76
409.3,76
436,76
429.6,76
456,76
91,76
453,76
453,76
454,76
454,76
220,76
240,76
240,76
225,76
225,76
214,76
214,76
218,76
210,76
210,76
217.6,76
220.7,76
422,76
422,76
458,76
458,76
239,76
239,76
210,76
210,76
221,76
218,76
218,76
212,76
170,76
170,76
145,55
145,55
210,76
210,76
203,38
188,38
217.4,76
217.7,76
210,76
235,76
242,76
215,76
216,76
221.5,76
221.5,76
306,76
303,76
303,76
240,76
171.2,38
171.2,38
212,76
212,76
212,76
212,76
230,38
229.8,76
229.8,76
211,76
211,76
210,76
210,76
212,76
212,76
140,55
210,76
211,76
215.6,76
210.9,76
224,76
224,76
224,76
305,76
305,76
305,76
305,76
225,76
225,76
172,76
172,76
212,76
210,76
170,76
170,76
262,55
262,55
222,76
222,76
140,55
150,55
251,76
251,76
251,76
251,76
145,76
154.7,76
217,76
217,76
230,76
230,76
230,76
230,76
196.5,76
228,76
240,76
240,76
145,55
145,55
216.3,76
216.3,76
216.3,76
220,76
220,76
219.7,76
389,76
389,76
395,76
228,76
375,76
375,76
131,55
131,55
165,38
161.5,38
212,38
310,38
367,38
176,38
165,38
164,38
180,76
189,76
189,76
90,55
131,55
131,55
188,26
206,26
178,38
147,38
254,76
353,38
353,38
372,38
372,38
98,55
131,55
140,76
140,76
136,38
217,38
250,38
250,38
131,55
131,55
90,55
180,76
176,30
205,30
370,38
361,38
361,38
195,38
240,26
292,26
292,26
345,76
300,76
300,76
179,76
160,38
228,76
364,76
364,76
228,76
228,76
228,76
228,76
220,76
310,76
300,76
210,55
340,38
340,38
184,38
180,38
180,38
221,55
221,55
94,55
131,55
131,55
89,55
89,55
210,55
256,76
256,76
102,55
244,38
244,38
292,38
292,38
331,76
331,76
125,76
125,76
89,55
260,76
260,76
150,38
150,38
330,38
442,38
442,38
220,76
224,76
224,76
131,55
131,55
257,38
257,38
131,55
131,55
131,55
150,26
167,38
405,38
399,38
235,38
131,55
131,55
151,38
168,38
131,55
140,55
162,28
191,38
191,38
140,55
131,55
180,76
300,38
300,38
220,76
220,76
300,76
300,76
131,55
131,55
131,55
157,55
157,55
300,76
300,76
386,76
131,55
136,76
136,76
131,55
131,55
204,76
220,76
251,76
393,76
393,76
393,76
393,76
311,76
311,76
232,76
232,76
131,55
131,55
131,55
131,55
299,38
299,38
253,38
159,38
259,38
131,55
131,55
131,55
121,22
164,38
140,38
166,38
170,26
115,76
241,76
241,76
242,76
242,76
203,76
203,76
75,76
90,76
317,38
317,38
75,76
209,38
211,55
326.8,55
180,38
110,38
309.1,38
309.1,38
220,76
220,76
110,76
110,76
70,38
91,76
281.8,38
275,24
275,24
75,76
75,76
221,38
221,38
115,76
300,55
300,55
220,76
220,76
375,55
112,76
186,55
186,55
353,55
221,55
223,55
110,76
220,76
220,76
207,38
218,38
169,38
180,76
160,76
353,76
300,76
300,76
220,55
210,55
110,76
138,76
115,76
324,76
222,76
285,76
285,76
217,20
183.9,38
90,38
110,76
110,55
335,38
300,38
82,38
153,38
159,38
210,55
212,55
75,76
120,76
71,76
270,76
207,38
53,38
405,76
190,76
405,76
190,76
85,76
223,76
220,76
82,76
75,76
220,76
220,76
159,76
370,76
370,76
446,76
456,76
400,76
400,76
400,76
400,76
64,38
225,38
210,38
60,38
61,38
300,76
312,76
247,76
256,76
85,76
381,76
382,76
260,76
256,76
85,76
140.5,76
192.36,76
192.36,76
115,76
300,76
300,76
210,76
210,76
219,76
219,76
115,76
211,38
187,38
300,55
300,55
100,76
100,76
120,76
220,76
220,76
320,76
320,76
320,76
320,76
320,76
320,76
320,76
320,76
100,76
100,76
220.5,76
188,55
220.5,76
220,76
255,76
300,38
300,76
350,38
170,76
115,76
177,38
300,76
300,76
145,55
140,55
230.35,76
230.35,76
377,55
376.35,55
445.65,76
445.65,76
90,76
114,38
404.7,76
404.7,76
405,76
405,76
75,76
229,38
206,38
220,76
75,76
253,38
218,38
172,76
140,55
140,76
220,55
225,55
212,55
210,55
220,76
300,76
220,76
220,76
220,76
220,76
100,76
100,76
321,76
321,76
90,18
320,76
210,76
320,76
320,76
110,76
150,76
56,38
390,76
220,76
299,55
302,55
115,76
164,55
166,55
166,55
302.9,38
151,76
151,76
300,55
300,55
159,76
159,76
212,38
150,76
80,38
214,55
220,55
65,38
70,38
292,38
243,38
70,38
96,38
300,76
215,76
111,76
110,76
75,76
75,76
480,76
480,76
242,76
234,76
221,55
302,38
64,38
300,38
306,38
310,38
300,76
300,76
140,55
140,55
225,76
225,76
140,28
164,76
165,76
206,32
144,32
165,76
165,76
165,76
165,76
166,76
249,76
249,76
156,38
156,38
152,38
112.5,28
114,38
163,76
163,76
100,22
175,38
151,38
220,30
120,30
105,38
100,38
105,76
105,76
98,38
106,76
100,76
220,34
220,76
101,30
158,55
158,55
265,76
362,76
407,76
405,76
375,76
99,38
126,24
110,38
140,76
140,76
105,76
105,76
147,28
100,28
140,38
422,76
422,76
422,76
422,76
430,76
430,76
430,76
430,76
152.5,96
152.5,96
430,76
430,76
430,76
430,76
430,76
430,76
430,76
430,76
235,96
90,55
235,96
209,76
209,76
185,96
185,96
446,76
446,76
446,76
412.6,76
412.6,76
226,96
226,96
228,96
228,96
237,76
237,76
237,76
237,76
166,96
166,96
166,96
166,96
266,76
266,76
258,76
258,76
190,96
190,96
158,96
158,96
210.7,76
210.8,76
163,103
163,103
254,38
163,38
222,96
222,96
154,96
154,96
435.2,55
435,55
435,55
435,55
403,55
403,55
164,103
164,103
159,96
159,96
420,55
420,55
420,55
420,55
113,76
133,76
198,96
198,96
193,96
193,96
196,96
196,96
170,96
170,96
177,96
177,96
159,96
159,96
152.5,96
152.5,96
152.5,96
167,96
167,96
180,96
180,96
200,96
200,96
200,96
200,96
157,96
157,96
172,96
172,96
174,96
174,96
166,96
166,96
174,96
174,96
213,103
213,103
204,103
204,103
208,96
208,96
208,96
208,96
170.7,103
170.7,103
164,103
164,103
173,96
173,96
203.75,103
203.75,103
175,96
175,96
217,96
217,96
190,96
190,96
202,96
202,96
199,96
199,96
162,103
162,103
198,103
198,103
185,103
185,103
159,96
159,96
159,96
159,96
171,96
171,96
174,96
174,96
230,96
230,96
220,96
220,96
317,96
136,96
136,96
164,96
164,96
172,96
172,96
162,96
162,96
172,96
172,96
220,96
220,96
153,96
153,96
153,96
173,96
173,96
173,96
173,96
153,96
153,96
223,103
182,103
200,103
200,103
187,103
187,103
160,96
160,96
160,96
160,96
204,96
204,96
160,103
182,103
170,96
170,96
194,103
186,96
186,96
163,96
163,96
163,96
163,96
230,96
230,96
182,103
182,103
167,103
167,103
201,96
201,96
180,96
180,96
162,96
162,96
159,103
159,103
167,96
163,96
163,96
191,103
191,103
164,96
164,96
165,96
165,96
157,103
157,103
160,103
160,103
220,96
220,96
177,96
177,96
161,103
161,103
169,96
169,96
152.5,96
152.5,96
161,96
160,96
160,96
179,96
179,96
160,103
160,103
160,103
198,103
198,103
160,103
160,103
168,96
168,96
161,96
161,96
171,103
171,103
160,103
160,103
260,96
260,96
160,96
162,103
187,96
187,96
197,96
197,96
160,96
160,96
168,96
178,103
178,103
175,103
175,103
175,103
175,103
175,103
175,103
175,103
175,103
160,96
160,96
160,103
160,103
152.5,96
152,96
164,96
164,96
140,76
154,96
154,96
158,96
160,103
160,103
181,96
181,96
162,96
162,96
163,96
163,96
169,96
169,96
169,103
169,103
160,96
160,96
160,96
160,96
206,96
206,96
171,96
171,96
164,96
164,96
162,103
162,103
161,96
161,96
161,96
161,96
160,103
160,103
164,96
164,96
155,103
160,103
160,103
160,96
160,96
160,103
160,103
150,96
150,96
182,96
157,96
157,96
168,103
168,103
166,103
166,103
152.5,96
152.5,96
174,96
174,96
158,96
158,96
155,96
155,96
202,96
202,96
157,103
157,103
157,103
157,103
165,103
165,103
160,96
160,96
160,96
160,96
192,96
192,96
164,96
164,96
178,96
200,96
200,96
160,103
160,103
165,103
165,103
166,96
166,96
179,103
179,103
160,96
160,96
170,96
170,96
197,96
197,96
423,76
423,76
423,76
423,76
423,76
423,76
183,96
183,96
160,96
160,96
400,76
400,76
400,76
400,76
172,96
172,96
281,76
281,76
280,76
379,76
152.5,96
152.5,96
152.5,96
152.5,96
300,76
300,76
405,76
405,76
300,76
300,76
160,96
160,96
160,96
160,96
140,76
140,76
244,103
244,103
406,76
406,76
406,76
406,76
165,103
165,103
454,76
454,76
406,76
180,96
180,96
180,96
180,96
160,96
160,96
180,76
180,76
117,30
140,55
152,20
137,28
191,30
199,30
155,26
152,26
140,55
140,55
133,28
174,28
170,76
170,76
179,96
140,55
140,55
131,34
217,34
217,34
162,34
337,55
232,26
232,26
173,26
173,26
320,55
187,26
185,26
170,32
170,32
141,76
141,76
142,76
142,76
142.9,76
141,76
141,76
173.8,34
181.5,34
160,76
142,76
301,30
309,28
357,55
323,55
159,38
140,76
187,55
187,55
293,55
335,55
320,55
179,34
190,30
114,34
166,22
178,24
178,24
172,30
172,55
172,55
137,28
157,26
208,34
205,34
107,55
107,55
210,55
140,55
140,55
140,76
140,76
140,55
142,55
156,38
140,55
162,55
152,28
140,28
170,55
148,30
148,30
147.5,30
147.5,30
161,38
210,28
111,28
160,28
158,24
140,34
138,34
233,76
185,103
140,76
164,26
149,30
138,30
147,34
153.1,34
300,76
300,76
140,76
300,76
300,76
140,76
140,55
140,55
141,30
170,55
170,55
168,28
168,28
170,55
170,55
170,30
188,30
140,55
140,55
141,55
140,55
170.7,28
170,30
166,28
165,26
147,28
151,26
190,32
167,38
149,30
148.5,30
158,26
170,55
170,55
143,30
143,30
170,55
170,34
170,34
170,34
170,34
148,24
143,28
140,55
141,55
163,24
157.2,28
167.7,26
177,26
167,26
167,26
70,76
141,76
141,76
141,76
100,55
140,76
140,76
142,30
139,30
140,55
140,55
161,38
173,20
175,30
174,20
140,55
140,55
170,34
153,26
135,76
162,55
61,26
137.3,76
137.3,76
321,76
180,76
321,76
50,76
100,76
100,34
293,76
293,76
174,103
174,103
140,76
140,76
153.5,96
152.7,96
74.5,26
74.5,26
90,55
140,76
140,76
150,34
145,34
216,34
140,55
140,76
60,76
140,76
320,76
320,76
140,76
159.5,30
288,30
288,30
63,26
210.5,76
210.9,76
140,55
140,55
101,30
140,76
140,76
200,76
135,103
200,76
135,103
150,103
79,26
79,26
60,26
100,76
58,76
140,55
140,55
140,55
140,76
140,76
140,55
140,55
140,76
140,76
100,55
100,55
280,76
280,76
240,76
240,76
270,96
270,96
104,20
102.5,30
140.5,76
320,76
320,76
140,76
140,76
140,76
100,30
100,30
106.3,30
50,76
141.4,76
140,76
60,55
140,76
140,76
100,76
100,76
100,55
100,55
50,76
182.6,96
182.6,96
143,30
140,76
140,76
112.7,26
155,26
150,26
150,26
100,55
100,55
85,26
105,30
110,30
50.7,26
70,55
70,76
70,76
100,76
100,76
140,76
140,76
140,76
140,76
70,30
172.8,34
167.7,34
157.1,34
157.7,34
210,76
153,96
210,76
157,96
176,96
60,30
140,76
140,76
137.2,30
152,30
211,76
211,76
322,76
322,76
320,76
320,76
70,76
140,76
140,76
107,55
107,55
210,76
210,76
210,76
140,76
70,76
140,28
99,28
80.5,34
153.8,34
153.8,34
178,55
189,26
140,76
140,76
103,28
124.7,28
73,30
141,76
141,76
137.8,34
150,30
152,34
146.7,34
77.8,34
192.4,34
172,38
160,55
160,55
72.5,30
100,26
60,30
60,28
67,30
100,55
100,55
100,55
140,55
95,32
73.6,32
189,32
172.3,32
84.3,30
102,28
82,26
142,76
140,76
138,32
64.8,24
69.8,24
69.8,24
60,30
100,55
100,55
54,30
66,30
184,96
184,96
100,30
115,28
166.5,32
140,32
83.6,30
83.6,30
60,30
100,28
206.9,34
206,34
77,38
90,55
100,55
100,55
140,34
139.4,34
148.4,38
201.2,38
114,38
100,55
195,38
204.5,38
147.1,28
100,55
103.8,24
140.6,55
140.6,55
140.3,55
228.7,30
123,22
101.7,38
459.4,38
459.4,38
345,38
345,38
155,76
326,76
326,76
136,76
101,34
331,55
331,55
105,55
325,55
105.2,34
160,34
165,34
145,38
151,38
177.3,38
143,38
195.8,34
176,34
105,55
100,55
288,55
327.5,34
327.5,34
134.9,30
155,55
155,55
100,55
150.3,76
150.3,76
180,38
151,38
100,55
110,34
150.4,76
150.4,76
140,55
140,55
140,76
140,76
140,55
140,55
150.3,76
150.2,76
264,76
400,76
400,76
212,55
100,76
100,76
140,76
140,76
150,76
150,76
100,55
140,76
140,76
120,34
153,38
175,55
175,55
100,76
100,38
140,76
140,76
140,76
140,76
140,20
140,20
140,76
140,76
100,76
140,55
140,55
100,76
155,55
155,55
180,103
180,103
202,76
160,55
175,55
140,76
140,76
100,38
311,55
302,76
302,76
156,55
156,55
270,76
270,76
155,38
155,38
155,38
312,76
140,76
140,76
140,38
140,38
173,34
173,34
158,76
158,76
140,76
140,76
100,76
300,55
160,55
160,55
140,76
140,76
140,55
140,55
160,38
165,55
210,55
220,55
154,96
154,96
422,76
422,76
422,76
422,76
200,38
194,38
247,55
290,55
290,55
161,96
151,76
151,76
100,76
100,76
223,38
233,38
100,76
100,76
300,76
300,76
100,76
160,38
140,38
175,76
140,76
175,76
175,76
140,76
140,76
158,38
158,38
155.2,38
199,38
199,38
100,55
80,34
206,55
183,55
209,55
188,38
206,38
206,38
140,38
155,38
142.6,55
140.5,55
140,76
140,76
155,55
155,55
140,55
100,55
157,55
157,55
160,55
100.4,26
110.8,24
100,55
315,76
320,76
320,76
100.7,34
154.2,30
100,55
100,55
100,55
100,55
100,55
213.7,55
158,76
291,76
298,76
100,55
100,55
100,55
119,28
113,28
100,55
140,55
100,34
101,34
140,55
140,55
100,55
140,55
100,55
140,55
140,55
90,26
100,55
91,24
100,34
102.7,26
100,34
100,55
100,24
100,32
100,55
140,55
140,55
100,32
100,30
100,26
101,34
100,55
100,30
100,30
100,55
210,55
210,55
216,55
216,55
372,55
234,55
163,55
104,55
379,55
302,55
302,55
197,55
197,55
212.4,38
212.4,38
110,55
110,55
210,55
210,55
210,55
210,55
210,55
260,55
100,55
100,55
247,55
247,55
248,55
248,55
140,38
140,38
80,34
100,55
100,55
100,55
140,55
140,55
171,55
188.37,55
188.37,55
100,55
140,55
140,55
100,55
100,55
100,55
100,55
100,55
217,55
215,55
210,55
270,55
240,36
210,55
210,55
280,34
280,34
280,34
280,34
210,55
210,55
105.5,76
100,76
150,38
150,38
139.05,38
150.3,38
100,55
100,55
100,55
193.2,28
100,55
73.4,30
100,55
100,55
140,76
140,76
219,28
219,28
88.15,14
100,55
103.5,55
53.6,26
105,55
105,55
200,55
200,55
109.55,55
100,55
100,55
195.05,34
195.05,34
192.6,34
192.6,34
150,38
150,38
140,38
140,38
140,55
140,55
140,55
140,55
100,55
360,76
366,76
366,76
376,76
376,76
100.35,55
113,38
82.1,20
78.65,20
100,55
100,55
100,55
100,55
100,55
100,76
150,38
150,38
140,55
140,55
100,55
66.5,34
155,26
98,26
140,38
140,38
113,55
113,55
373,55
372,55
379,55
379,55
150,55
150,55
155,38
155,38
100,55
100,55
100,55
100,55
96.8,28
110,38
110,38
100,55
140,55
140,55
160,55
160,55
144,55
215,55
160,38
140,38
140,38
120,34
160,34
148,38
149.7,38
205,55
205,55
321,55
321,55
80,55
351,55
351,55
100,55
205,55
146,38
150,38
140,55
140,55
187.17,34
146,34
140.6,55
140.6,55
157,34
321,55
321,55
143,55
156,55
156,55
161,34
175,34
140,28
222.6,28
148,22
136.4,28
140,55
140,55
100,55
110,34
110,38
100,55
100,55
120,55
120,55
140.9,55
140.9,55
171,55
345,55
314.9,76
178,38
237,38
100,55
140,34
162.5,34
132,38
205,55
203,55
300,38
307.24,30
100,55
100,55
100,55
100,55
153.5,34
147.8,34
342,76
342,76
330,76
340,76
387,76
401,76
140,55
162,55
143,55
178,34
223,34
140,38
185,55
370,55
370,55
148,34
140,26
126.8,34
143.15,38
321,55
321,55
150,38
150,38
155,55
148.5,76
100,76
100,76
100,76
140,76
140,76
180,38
176,38
93,30
103,30
100,76
140,55
140,76
100,76
100,76
100,76
100,76
100,76
100,76
140,76
140,76
140,76
140,76
140,76
238,30
100,76
100,76
100,55
100,76
100,30
340,55
405,76
405,76
405,76
405,76
100,76
100,76
100,76
165,26
188,26
52.5,36
139,22
274,18
301,76
301,76
138,55
164,55
301,76
301,76
457,76
130,76
441,76
457,76
401,76
487,76
115,76
410,76
410,76
434,38
434,38
84,38
145.8,55
145.8,55
144,20
144,20
318,76
318,76
140,76
140,76
220,28
220,30
220,30
220,30
220,30
184,38
245,34
272,32
273,28
162,38
102,38
151,55
150,55
175,18
288,38
288,36
189,20
257,34
255,32
255,32
121,26
140,22
246,38
248,32
153,38
173,26
173,36
244,55
244,55
247,55
236,28
320,76
410,76
398,76
408,76
152,38
152,38
140,38
101,34
101,38
120,55
120,55
145,36
179,18
144,20
140,22
179,16
245,34
245,34
110,16
152,24
195,24
166,24
156,34
244,55
244,55
142,55
132,22
167,38
142,38
210,55
408,76
408,76
210,55
210,55
127,55
152,24
152,24
301,76
301,76
80,38
171,38
170,38
101.5,32
141,24
141,38
101,38
136,24
120,38
102,38
165,55
191,76
166,20
166,36
171,76
171,76
269,18
298,36
302,76
302,76
302,76
112,38
158,22
115,30
102,38
96,38
190,38
190,32
141.5,55
55,55
170,38
171,38
141,38
153,38
170,38
175,38
274,38
272,34
272,38
112,24
302,76
302,76
144,76
155,76
323,76
323,76
273,38
272,34
272,38
178,32
183,32
138,24
121,24
173,36
189,34
255,55
243,55
243,55
255,55
102,38
97.5,38
185,18
166,18
52,38
272,34
274,34
237,24
230,24
200,22
156,26
116,36
245,36
245,36
333,38
320,38
320,38
72,26
142,26
216,22
216,36
113,24
141,55
155,55
141,55
140,55
187,36
154,18
152,18
138,38
170,20
191,38
102,38
101,38
191,14
190,38
155,22
191,18
191,20
136,28
137,34
118,20
131,38
131,38
131,34
224,38
242,38
242,38
132,38
140,55
370,76
370,76
197,76
197,76
378,76
378,76
91,55
232,38
219,76
219,76
170,55
170,55
93,28
154,28
172,34
195,34
190,34
223,38
247,38
140,76
140,76
248,38
249.3,38
249.3,38
266.5,38
266.5,38
140,55
125,32
156,34
228,34
170,38
170,38
202,38
190.5,38
200.5,38
200.5,38
203,38
191,34
85,55
170,55
170,55
186,20
179,20
140,76
140,76
103,20
170,55
170,55
162,26
162,30
190,38
190,38
110,30
208,38
190,38
192,38
98,28
139,14
140,34
392,34
392,34
170,55
170,55
72,38
94,28
170,76
170,76
192,38
192,38
192,38
217,34
217,34
93,55
375,55
78,55
415,76
415,76
479,76
479,76
156,16
126,30
124,14
119,14
309,38
377,38
377,38
377,38
377,38
120,55
120,55
100,38
190,34
264,38
264,38
228,38
228,38
147,38
225,38
225,38
235,38
191,38
190,38
170,76
170,76
370,76
370,76
210,76
210,76
100,28
202.5,28
192,34
196,38
196,38
173,38
170,38
176,38
175,38
85,55
120,55
120,55
164,38
313,38
313,38
323,76
323,76
148,38
165,38
120,55
120,55
106,20
111,34
206,34
201.5,34
140,55
83,18
203,30
203,30
175,20
155,28
237,28
237,28
237,55
237,55
166,38
190,38
116,38
116,38
116,38
140,55
140,55
188,34
107,34
235,34
107,38
245,38
245,38
236,38
200,38
200,38
190,38
265,14
85,55
189,38
189,38
144,20
144,20
85,55
140,55
140,55
140,55
120,55
120,55
101,20
124,38
278,38
182,38
170,34
92,38
121,55
121,55
84,20
100,55
100,55
100,55
83,20
105,30
139,30
146,14
136,28
125,28
160,20
170,55
170,55
225,38
140,38
138,38
190,38
190,38
140,76
140,76
170,55
170,55
62,10
226,28
100,38
100,38
145,14
120,20
115,20
115,20
109,30
123,30
52,28
200.9,20
205.7,20
215,38
215,38
186,20
188,24
134,34
247,38
83.7,38
138.5,20
165,20
210,16
210,32
175,26
168,55
83,22
63,20
62,36
257,55
273,55
273,55
327.5,76
327.5,76
267,34
191,20
99,22
88,22
111,22
110,30
135,20
247,55
247,55
140,55
140,55
240,26
278,26
278,26
52,36
52,38
171,55
171,55
170,55
170,55
170,55
318,38
313,38
313,38
330,38
350,38
350,38
124,38
330,38
417,38
417,38
439,38
439,38
174,24
203,22
215,26
144,20
144,26
111,16
341,36
385,38
394,55
394,55
398,38
306,38
260,38
263,38
141,18
52,38
90,28
133,24
127,20
141,30
113,38
172,38
168,38
343,76
312,76
312,76
185,76
145,76
170,55
211,55
220.5,55
52,38
140,30
104,30
189,38
170,20
227.2,38
227.2,38
219,38
273,38
273,38
330,38
330,38
190,36
180,22
80,38
52,36
194,20
141,20
110,20
104,26
88,20
90,26
120.5,55
171,55
171,55
141,55
142,18
206,22
287,38
172,38
172,38
87,22
95,22
131,20
176,20
83,14
123,24
60,24
234,24
262,24
169,24
167,38
52,36
141,38
141,38
124,34
100,24
282,38
282,38
224,38
224,38
339,38
339,38
509,38
509,38
436,76
436,76
432,76
432,76
346,76
346,76
432,76
432,76
366,76
366,76
520,76
520,76
370,76
370,76
474,76
474,76
360,76
360,76
290,76
290,76
303,76
303,76
251,76
251,76
224,76
224,76
210,96
210,96
210,96
210,96
160,76
155,76
167,96
167,96
140,96
155,76
140,96
140,96
140,96
140.45,96
140.6,96
210,96
210,96
210,76
210,76
210,76
140,76
360,96
360,96
240,96
276,76
360,76
140,96
216,96
216,96
237,96
237,96
140,96
140,76
140,76
213,96
285,96
210,76
210,76
228,96
228,96
210,76
210,76
53,34
140,96
140,96
140,96
140,96
210,96
210,96
210,96
210,96
211,76
211,76
210,76
210,76
232.8,96
232.8,96
211.3,96
211.3,96
350,76
350,76
350,96
350,76
212,96
212,96
210,96
210,96
211,96
211,96
210,76
210,76
280,55
280,76
210,96
259,76
259,76
212,96
227,96
227,96
220.87,96
220.87,96
210,76
210,76
210,96
210,96
221,96
145.9,76
334.35,96
334.35,76
362,76
362,76
251.75,96
210,76
210,76
210,76
228,96
228,96
212,96
212,96
140,96
145,76
145,76
211,76
211,76
210,96
210,96
211.25,96
211.25,96
210,96
210,96
210,96
210,96
211,76
221,76
220,96
220,96
222,76
222,76
210,96
210,96
140,76
140,76
140,76
225,76
220,96
220,96
232,76
232,76
140,96
140,96
140,96
211,96
211,96
214,96
214,96
140,96
140,96
133,34
133,34
210,96
210,96
217,76
217,76
271,76
250,76
210.5,96
300.75,76
300.75,76
261.15,76
214.95,96
210,76
250,76
275,76
275,76
220,76
220,76
210.4,96
212,96
210.4,96
210,76
210,76
215.05,96
231.95,96
210,96
209.03,96
220,76
220,76
211,76
211,76
220,96
220,96
212,76
212,76
211,96
211,96
211,76
211,76
211,76
211,76
210,76
210,76
210,96
210,96
210,96
210,96
210,96
210,96
210,96
211,76
211,76
211,76
210.8,76
210.8,76
260,96
260,96
210,96
210,96
210,96
210,96
210,96
210,96
350,76
350,76
400,76
210,76
210,76
210,96
210,96
230,76
230,76
210,76
210,76
219,76
237,76
237,76
238,96
238,96
210,96
210,96
213,96
213,96
210,96
210,96
210,96
210,76
210,76
210,76
213,76
140,96
241,96
255,76
219,96
225,96
225,96
210,96
210,96
210,76
214,76
233,76
140,96
280,76
295,76
295,76
210,96
211,96
211,96
234,76
212,76
210,96
210,96
212,76
207,76
207,76
140,96
140,96
213.45,76
210,76
210,96
210,96
210,96
211,96
225,76
225,76
140,96
140,96
210,76
210,76
162,76
257,76
257,76
336,76
336,76
270,96
270,96
210,76
214,76
214,76
214,96
207,96
210,76
210,76
300,76
369,76
369,76
210,96
210,96
210,96
210,96
210,76
210,76
228,96
228,96
215,96
211,76
210,76
210,76
140,76
140,76
210,96
210,96
210,96
210,96
210,96
210,96
210,96
210,96
210,96
210,96
210,96
210,96
210,96
210,96
210,96
210,96
394,76
394,76
370,76
370,76
370,76
405,76
370,76
370,76
212,96
212,96
212.1,96
212.1,96
210,96
210,96
211,96
211,96
211.45,96
211.45,96
210,96
210,96
210,96
221,85
280,76
280,76
210,96
210,96
210,96
210,96
410,76
410,76
165,26
170,76
170,76
146,96
146,96
146,96
151,38
190,38
245,38
245,38
330,76
140,76
108,38
400,38
400,38
396,38
396,38
140,76
140,76
128,38
192,22
140,76
140,76
140,76
200,38
208,38
140,38
164,38
140,76
140,76
146,96
146,96
90,55
140,38
140,38
190,76
192,76
120,55
157,38
200,38
113,28
161,38
315,20
350,20
118,26
97,38
83,34
120,55
217,38
232,38
140,76
140,76
204,38
206,38
206,38
405,76
365,76
405,76
140,76
140,76
131,55
131,55
159,26
211,38
210,55
170,38
170,76
195,76
145,96
145,96
140,76
140,76
145,96
145,96
145,96
140,76
170,76
170,76
170,38
170,38
132,55
120,55
120,55
373,38
373,38
362,38
362,38
210,38
210,38
140,76
140,76
120,55
199,38
246,38
120,55
140,76
140,76
212,38
180,38
265,38
265,38
298,38
111,38
130,55
131,55
170,22
152,38
360,38
356,38
195,38
209,30
202,30
152,76
152,76
181,26
164,26
79,26
210,55
210,55
153,76
140,55
170,76
170,76
140,76
140,76
131,55
132,55
133,55
140,76
140,76
190,38
257,76
257,76
65,55
210,38
211,38
131,55
132,38
117,28
131,55
146,96
140,76
140,76
95,34
166,22
82,38
178,26
155,76
155,76
197,38
170,38
140,76
140,76
60,55
147,96
145,96
206,38
186,38
211,76
211,76
182,26
182,26
140,76
140,76
214,38
212,38
161,26
186,26
83,34
210,55
210,55
210,55
175,38
221,38
225,38
225,38
401,38
170,76
170,76
220,76
207,38
231,38
231,38
174,34
215,38
215,38
367,38
157,38
202,38
170,76
170,76
175,96
241,96
254,96
392,76
392,76
393,76
393,76
406,76
406,76
364,76
364,76
360,76
360,76
232,38
232,38
213,76
213,76
215,38
215,38
170,76
220,76
215,76
130,55
130,55
140,38
140,38
140,38
140,38
140,76
147,96
147,96
146,96
146,96
148,96
145,96
192,38
192,38
265,96
265,96
342,76
342,76
147,96
147,96
165,76
165,76
140,85
140,85
140,85
140,85
140,76
140,76
145,96
145,96
145,96
170,76
170,76
140,76
140,76
140,76
140,76
145,96
140,76
140,76
168,38
163,38
140,76
140,76
140,76
141,76
141,76
88,28
140,76
140,76
199,38
244,34
210,38
210,76
210,76
220,38
319,38
319,38
62,34
70,34
140,76
140,76
97,38
301,38
301,38
301,38
290,26
290,26
140,76
140,76
140,76
140,76
191,76
174,76
82,20
189,38
196,38
143,22
140,76
140,76
70,38
147,96
145,96
206,38
206,38
140,55
171,76
171,76
140,76
140,76
88,55
210,76
212,76
226,34
226,34
142,96
142,96
140,85
140,85
140,76
140,76
140,76
140,76
161,26
140,38
140,38
140,38
213,38
215,38
130,55
140,76
140,76
140,55
170,55
170,55
140,38
243,76
243,85
147,96
147,96
145,96
145,96
140,85
140,85
69,28
224,38
222,38
222,38
212,38
213,38
213,38
133,38
140,55
171,38
162,34
143,34
144,34
96,34
354,38
354,38
204,38
110,38
170,55
170,55
171,34
192,38
99,26
141,55
283,55
283,55
372,76
372,76
281,55
281,55
140,76
156,38
156,38
157,38
183,34
140,76
140,76
223,38
214,38
140,76
140,76
140,76
140,38
112,34
120,55
120,55
192,38
192,38
120,55
303,38
303,38
303,38
131,55
170,76
170,76
60,55
91,38
183,26
183,26
165,76
67,34
145,96
145,76
145,76
147,76
168,22
141,16
140,55
140,55
120,55
120,55
65,55
153,34
153,34
80,55
80,55
64,34
240,38
240,38
271,38
211,76
211,76
120,55
80,55
282,34
120,34
120,34
120,34
100,55
65,55
217,38
212,38
142,38
84,38
314,38
255,38
80,55
120,55
120,55
120,55
173,38
171,38
274,55
274,55
76,34
278,76
278,76
275,76
295,38
201,38
205,38
219,30
60,34
140,34
146,34
308,34
140,34
223.5,34
64,34
138,34
138,34
120,55
120,55
60,55
120,55
53,34
50,34
150,34
193,20
213,38
164,38
164,38
140,20
184,20
184,20
78,34
123,14
184,14
59,34
214,38
214,38
214,38
144,34
180,34
190,38
190,38
120,55
303,38
303,38
365,76
334,76
334,76
366,76
366,76
454,30
452,30
65,55
62,20
120,55
140,55
140,55
120,38
120,38
139,34
190,38
216,38
170,55
170,55
81,55
131,34
131,34
155,34
274,55
274,55
274,55
162,34
162,34
120,55
140,34
81,34
100,34
202,38
216,38
216,38
291,38
292,38
292,38
120,55
395,38
214,76
382,76
382,76
384,76
356.5,76
120,55
120,55
110,34
140,55
140,55
300,38
370,76
373,76
373,76
348,76
214,38
213,38
151,34
157,34
112,14
178,14
193,38
242,38
242,38
120,55
291.4,76
99.8,76
368.2,76
375.6,76
355,76
473.5,76
105,76
224,76
170,55
170,55
236,38
204,38
151,38
195,38
170,76
164,28
230,14
170,55
170,55
51,10
81,26
171,34
170,34
103,34
78,18
285,38
320,38
320,38
336,38
336,38
125,38
133,34
216,34
140,55
56,34
74,34
154,38
192,76
168,34
398,38
398,38
398,38
398,38
60,38
170,55
205,34
96,14
128,14
120,55
120,55
170,55
170,55
305,38
280,76
280,76
77,34
60,55
300,76
300,76
352,38
352,38
352,38
214,38
214,38
107,18
180,38
180,38
216,34
311,34
326,34
360,38
360,38
360,38
50,34
56,34
139,38
189,34
189,34
291,55
290,26
50,34
90,55
120,55
70,55
120,55
61,38
165,38
196,38
120,76
193,26
93.7,20
280,76
280,76
60,28
266,28
220,38
280,76
280,76
329,20
140,76
140,76
85,76
320,76
401,55
80,76
80,76
81,30
210,55
210,55
180,55
134,76
133,76
217,22
140,38
127,76
127,76
155,76
210,38
215,38
210,38
33,38
404,38
403,38
404,38
424,38
218,38
155,76
155,76
208,30
205,24
368,38
224,76
224,76
130,28
183,28
137,38
137,38
120,76
120,55
120,55
170,76
170,76
315,38
274,38
94,22
156,22
154,26
416,38
418,38
418,38
121,26
168,38
167,38
150,34
260,76
260,76
260,76
121,76
121,76
222,38
222,38
421,38
421,22
421,22
416,22
417,22
300,22
300,22
180,55
167,24
167,24
122,76
310,76
310,76
310,76
345,76
345,76
121,76
125,20
110,38
220,76
225,76
200,28
267,24
120,76
110,20
150,20
157,38
165,38
140,76
110,26
216,34
274,34
267,55
267,55
155,76
330,55
410.6,76
410.6,76
428.2,76
428.2,76
192,76
192,76
301,76
171,76
171,76
301,76
296,76
90,20
224,36
211,22
256,22
256,22
178,22
124,22
250,20
222,76
222,76
185,76
185,76
180,38
232,38
155,76
155,76
153,28
153,28
73,55
71,55
210,76
210,76
122,76
135,30
210,55
210,55
121,76
120,76
280,38
265,76
265,76
272,76
275,76
275,76
154,34
154,34
288,76
107,76
288,76
288,76
89,38
166,38
204,38
204,38
140,76
260,76
260,76
326,20
221,76
122,76
173,38
283,38
121,76
257,28
222,38
282,76
192,76
165,18
165,18
72,20
142,20
117,18
89,12
58,22
102,24
98,28
156,76
285,38
270,76
161,22
210,24
387,55
222,55
387,55
387,55
134,34
224,38
221,76
221,76
72,38
120,76
273,76
273,76
126,26
273,76
273,76
118,38
117,38
320,76
120,55
405,76
405,76
405,76
405,76
320,76
320,76
121,38
160,76
227,76
124,76
124,76
111,22
196,22
174,24
164,24
178,26
92,22
145,22
262,38
286,38
93,20
155,76
155,76
120,55
121,55
110,30
176,34
241,34
241,34
327,34
327,34
327,34
313,38
213,38
231,22
130,22
385,22
323,76
100,55
320,55
143,55
402,34
402,34
402,34
309,55
270,55
52,24
55,28
80,76
95,20
143,38
144,38
53,38
120,16
246,22
152,34
152,34
90,38
96,38
249,38
170,76
91,26
85,22
114,22
217,38
207,38
338,26
336,26
336,26
219,26
219,26
125,18
158,28
204,55
280,55
280,55
210,55
405,76
405,76
405,76
405,76
140,55
140,38
140,38
140,38
132,38
208,38
171.5,38
171.5,38
170,55
161,38
200,38
210,76
210,76
168.5,38
213,38
213,38
225,38
225,38
218,38
210,76
184,22
184,38
210,38
210,55
90,55
90,55
170,38
170,38
90,38
101,38
215,38
215,38
215,38
215,38
215,38
210,38
210,38
100,38
147,22
223,22
140,38
140,38
123,24
150,24
90,55
90,55
90,55
203,38
210.6,38
225,38
169,38
250,38
357,38
245,22
200,34
194,34
230,38
231,38
174,38
181,38
140,38
140,38
143,38
210,38
210,38
210,38
203,20
308,38
276,38
140,55
140,55
292,38
198,38
210,38
210,38
90,55
216,22
257,38
257,38
210,76
172,38
276,38
287,38
357,38
351,76
351,76
187,38
185,38
186,38
167,76
146,76
194.2,38
169,38
118,24
168,55
168,55
101,26
170,38
161,38
140,20
140,20
210,55
220,38
219,76
219,76
276.5,32
210,76
210,76
159.5,38
120,55
120,55
210,30
210,38
210,38
140,76
140,76
160,38
167,38
229,38
263,38
213,38
140,55
145,38
150,38
170,76
170,76
188.2,38
295.9,38
322.8,38
317,38
325,38
470,38
145,32
170,38
170,38
140,55
140,55
140,55
170,55
170,55
198,22
230,22
251,22
214,22
170,55
194,55
117,32
182,32
166,32
150,32
104,26
140,55
140,55
202,22
210,38
210,38
210,38
156,38
170,38
90,24
435,76
435,76
444,76
444,76
417,76
417,76
300,76
300,76
329,76
329,76
213,38
204,38
198.6,38
189.4,38
120,55
173,76
173,76
173,76
173,76
120,38
140,55
80,38
80,38
120,38
120,38
70,34
65,38
120,55
85,38
143,34
143,34
140,76
120,55
140,24
120,55
140,55
140,76
140,76
140,76
140,76
100,55
100,55
112,38
320,55
120,76
120,76
120,76
120,76
76,20
90,34
77.4,34
140,76
120,55
120,55
145,55
145,55
60,38
60,34
114,38
140,76
140,55
104,34
140,55
140,55
140,55
140,55
166,38
150,18
130,55
130,38
120,38
140,38
150,55
146,38
168,55
168,55
120,55
145,38
145,38
120,55
140,76
140,76
207,55
120,76
120,55
86,38
86,38
152,55
152,55
370,76
370,76
370,76
370,76
140,55
140,55
155,55
155,55
155,55
155,55
142,55
142,55
92,38
103,38
140,55
140,55
140,55
140,55
157,55
157,55
138,38
165,38
165,38
112.1,34
110.7,34
155.7,55
157.5,55
110,24
110,24
90,34
140,76
370,76
370,76
371,55
140,38
112,38
140,34
140,38
110,38
110,38
163,34
129,34
140,38
140,38
109,38
79,38
156,55
207,55
155,55
141,76
100,34
100,38
155,30
155,38
145,76
145,76
220,55
219,55
140,55
140,55
100,38
100,24
155,55
155,55
140,22
140,22
140,22
155,55
140,55
140,55
140,55
140,55
190,55
160,55
155,55
155,55
156,55
156,55
131,38
126,38
51,20
50,38
55,38
50.2,55
80,55
170,55
161,55
161,55
145,55
145,55
172,55
210,55
180,76
180,76
215,76
215,76
120,32
114,32
90,38
90,38
202,32
202,32
90,55
90,55
83,32
69,32
114,55
115,55
125,55
125,55
135,55
125,55
40,30
88,36
100,36
100,36
60,55
120,55
120,55
106,24
110,24
120,32
120,32
178,32
178,32
178,32
178,32
178,32
178,32
80,55
80,55
60,55
90,32
127,32
220,55
220,55
170,55
120,55
120,55
120,55
110,55
170,55
170,55
42,38
94,30
104,30
115,55
115,55
50,30
100,38
128,38
124,38
124,38
135,30
103,30
105,55
120,55
60,30
110,55
110,55
170,55
170,55
170,55
170,55
80,55
140,30
140,30
170,55
170,55
80,55
146,30
110,30
63,30
75,30
131,38
131,38
115,55
115,55
72,30
80,55
80,55
62,30
80,30
98,30
98,30
120,55
120,55
158,34
154,38
75,34
100,34
100,34
60,34
140,76
141,55
155,55
155,55
101,34
102,34
86,26
130,34
121,34
94,30
84,34
80,34
95,34
30,55
60,34
207,55
207,55
245,76
245,76
183,76
181,76
171,55
171,55
70,55
155,55
155,55
113,34
110,38
116,38
140,76
51,34
65,34
143,34
167,34
155,55
101,38
166,26
143,28
111,55
111,55
140,38
140,38
142,38
209,38
182,38
100,38
85,38
155,55
155,55
113,34
102,34
121,38
121,38
140,76
140,76
166,76
179,76
264,76
264,76
365,76
365,76
305,38
100,36
100,36
150,36
176,34
140,76
47,34
76,36
125,55
110,55
155,55
155,55
170,55
170,55
134,34
155,55
140,76
25,24
124,38
130,34
140,76
140,76
123,55
156,55
155,38
155,55
78,34
185,55
185,55
180,55
140,38
175,55
395,55
370,55
140,55
124,55
131.6,34
120,55
141,55
141,55
140,55
140,55
140,55
140,55
161.5,38
120,55
140,55
140,55
140,55
140,55
140,55
140,55
203,55
203,55
140,55
140,55
170,55
170,55
125,55
123,38
140,55
140,55
140,55
140,55
95,55
95,55
173,76
129,76
177.5,55
177.5,55
156,55
156,55
178,55
178,55
308,55
405,55
403,55
403,55
140,55
140,55
140,55
140,55
140,55
140,55
140,55
140,55
150,38
150,38
155,55
155,55
140,55
140,55
149,55
142,55
125,55
125,55
170.75,55
170.75,55
140,55
140,55
174.2,16
140,55
140,55
140,55
140,55
140,34
150,55
150,55
132,30
120,55
140,55
140,55
181,55
181,55
170,55
170,34
140,55
140,55
145,55
145,55
100,38
175,34
100,55
177.1,55
176.15,55
98,34
156,38
156,38
106,34
177,34
177,34
177,55
144,55
140,55
148.5,55
140.3,55
100,34
97,34
140,55
75,16
120,55
140,55
140,55
140,55
140,55
180,55
180,55
73,34
120,55
140,55
140,55
100,55
120,34
120,55
209,55
209,55
126,34
168,55
155,55
140,34
140,55
140,55
125,34
125,34
163,55
163,55
146,55
140,38
103.25,38
121,55
120.7,34
175,55
173,55
140,55
140,55
140,55
140,55
140,30
147,30
140,55
140,55
140,55
140,55
121,34
162,38
157,38
160,38
188,38
128,34
120.31,55
120.31,55
166,55
166,55
124,34
170,55
200,55
200,55
100,34
120,38
120,38
208,38
341,55
341,55
210,55
192,55
416,76
187,55
229,38
229,38
226,38
226,38
363,55
363,55
423,76
509,76
509,76
64,26
60,55
60,34
113.5,55
208,55
208,55
132,55
132.5,55
140,55
140,55
60,20
140,55
126,38
110,55
143,55
142,55
70,55
140,55
90,55
90,55
140,55
210,55
210,55
368,55
368,55
377,55
377,55
110,38
110,38
136,38
111,38
70,55
110,38
110,38
110,34
70,30
157,38
151,38
60,34
156,38
156,38
156,38
200,55
320,55
320,55
122,55
122,55
120,55
239,38
212,55
70,55
110,55
110,55
160,55
160,55
146.55,55
146.75,55
135,34
135,34
136,38
136,38
55,55
110,34
182,34
116,26
175,20
110,55
110,55
225,55
110,30
196,38
196,38
60,34
160,55
210,55
210,55
60,22
165,55
200,55
112,38
110,38
76,26
160,38
160,38
160,34
140,55
110,55
110,55
115,55
150,38
61,34
120,38
120,38
145.5,55
110,34
146,55
158,34
166,34
212.8,55
210.3,55
140,55
110,34
110,34
110,34
117,34
110,26
75,34
110,20
60,20
72,34
70.6,34
42,30
120,34
114,30
120,34
120,34
140,55
135,38
147,38
170,55
170,55
103,55
55,34
245,55
245,55
175,55
209,55
226,55
226,55
140,55
140,55
50,55
50,55
50,55
130,38
130,38
60,38
140,55
90,34
90,34
420,76
420,76
554.5,55
215,55
213,55
184.2,55
184.2,55
552.4,55
421,76
419,76
125,34
83.6,34
135,55
147.5,55
211,55
240.8,76
240.8,76
88,34
94,34
160,55
160,55
90,34
140,55
160,55
140,55
140,55
145,38
145,38
139.9,34
166.4,55
110,55
140,55
140,55
50,55
50,55
50,38
129,55
139,55
90,55
102,34
102,34
110,55
91,34
50,55
75,34
151,34
150,34
50,55
140,55
90,34
160,55
165,55
50,55
211,55
211,76
211,76
108.5,38
108.5,38
103.25,55
50,55
50,55
110.85,55
114.3,38
117.7,38
160,55
160,55
190,55
110,38
110,38
140.65,55
140.5,55
140.5,55
107,24
107,26
140,55
140,55
50,55
170,55
170,55
115,55
110,55
110,55
320,55
320,55
320,55
320,55
340,55
50,55
50,55
50,55
170,55
170,55
170,55
140,55
140,55
150,38
140,38
140,55
140,55
140,55
164,55
164,55
395,55
395,55
355,55
355,55
70,38
160,55
160,55
110,55
177,38
178,38
140,55
435,36
435,36
200,34
200,55
110,38
110,38
145,38
110,55
110,55
160,30
156,30
140,38
140,38
140,38
123,38
140,38
162,55
164,55
140,30
140,38
160,55
160,55
161,55
160,55
110,28
110,55
110,55
140,24
140,24
160,55
160,55
160,55
160,55
110,55
60,55
140,55
140,38
140,38
102,24
120,55
100,32
173,55
171,55
171,55
114,34
170,34
175,34
175,34
143,34
144,34
143,38
143,38
172,38
170,38
170,38
140,34
140,38
172,55
172,55
146,76
148,76
129,76
129,76
187,76
187,76
171,55
171,55
148,34
172,34
194,34
121,34
90,34
90,34
142,34
148,34
140.5,38
140,38
90,34
139,55
160.5,34
160.5,34
233.5,55
233.5,55
227,55
227,55
130,34
130,34
120,38
140,34
160,34
201.3,34
140,34
140,34
226,55
191,38
191,38
140,34
140,34
90,34
132,34
170,34
140,34
140,34
140,34
140,38
170.5,34
140,34
147,34
145.5,34
141.5,55
140,55
140,34
210,55
170,55
140,34
140,34
141,34
149,34
140,34
140,34
140,34
143,34
140,34
140,34
140,34
140,34
215,34
202,34
137.5,34
138,34
170,38
170,34
170,55
347,38
223.5,38
170.5,38
157.5,38
109,55
300,55
166,55
166,34
209,34
155,38
155,38
155,38
155,38
155,38
108,38
128,38
128,38
134,38
30,55
145,38
110,34
120,55
140,55
140,55
106,38
110,16
33,34
30,34
52,34
150,55
150,55
140,55
140,55
150,55
226,55
221,55
393,76
389,76
375,76
360,76
350,76
350,76
371,76
371,76
191,76
191,76
152,55
140,55
140,55
236,55
236,55
140,55
160,55
140,55
127,34
151,34
131,34
30,55
152,34
152,34
47,34
155,38
120,38
117,34
106,34
150,34
170,38
170,38
90,55
120,55
60,55
119,38
143,34
260,55
261,55
140,55
195,34
194,34
194,34
195.8,34
194.8,34
140,55
120,76
120,76
155,55
120,55
120,55
116,55
116,55
140,55
140,55
140,34
140,34
53,34
30,55
140,55
140,55
155,38
155,38
85,34
110,55
141,22
140,38
120,55
155,38
155,38
140,55
140,55
140,55
140,55
140,76
140,76
170,55
170,55
147,34
143,34
120,55
120,55
145,55
145,55
140,55
140,55
140,55
140,55
156,34
163,28
155,24
172,55
172,55
140,55
140,55
140,55
140,55
140,55
100,55
100,55
210,55
230,55
210,55
166,34
170,30
225,28
149,26
215,22
175,38
146,32
155,55
155,55
178,32
178,24
178,26
178,38
120,26
120,34
179,38
184.5,38
145,55
145,55
92.5,28
107,34
405,55
405,55
184,55
105,26
170,55
170,55
170,55
170,55
140,55
140,55
132,30
204,38
140,55
140,38
140,34
192,38
192,38
192,38
145,38
145,28
180.5,38
250.5,38
97,24
134,34
162,34
118,20
98,20
109,26
148,20
149,20
180,38
220,38
152,38
158,38
170,34
127,38
127,38
140,55
140,55
154,34
123,34
112,26
140,55
140,55
140,55
140,55
145,55
147,55
140,55
140,55
196,76
196,76
388,76
385,76
173,55
400,76
400,76
445,76
445,76
445,76
445,76
297,76
287,76
366,76
364,76
151,76
211,76
301,76
215,76
215,76
215,55
215,55
140,55
140,55
129,30
129,30
143,55
140,55
140,55
140,55
300,55
300,55
405,55
405,55
151.4,34
150,34
146.4,55
146.4,55
140,55
140,55
140,55
140,55
140,55
140,55
140,55
160,55
160,55
140,55
140,34
152,34
120,55
148.5,12
147,28
140,55
140,55
140,55
140,55
120,55
120,55
140,55
140,55
140,55
140,55
178.3,55
172,55
120,55
140,55
140,55
145,55
145,55
121,55
170,55
170,55
132,34
162,34
141,55
145,55
140,55
140,55
140,55
140,55
170,55
144,38
158,30
133,26
140,55
140,55
140,55
140,55
172,34
172,34
135,32
112,32
148.7,38
140,55
141,76
141,76
140,55
140,55
151,55
140,55
140,55
140,30
147,30
132,30
140,55
140,55
170,55
170,55
170,55
164.5,30
170,55
156,38
145,55
150,26
154,24
154,34
175,38
140,55
142,26
120,55
300,55
305,55
140,30
140,30
120,55
150,26
129.4,36
99,32
160,38
177,34
156,55
156,55
155,55
171,30
146,30
157,38
229,28
223,28
141,55
166,55
140,55
140,55
183,26
184,34
182,34
156,24
150,28
135,36
133,16
182.5,30
182.5,38
157,20
146,38
146,38
142,34
215,55
212,55
142,55
140,34
140,38
156,55
156,55
213,55
213,38
130,55
117.5,55
146,55
149,55
120,55
150,38
150,38
90,34
212,55
212,55
212,55
175,38
155.6,38
163.45,38
163.45,38
163,38
163,38
83.45,38
83,34
86,34
211,55
211,55
211,55
155,55
155,55
100,38
100,38
156,55
156,55
133.5,34
139,34
214,55
362,76
347,76
347,76
312,76
300,76
418,76
401,76
150,76
140,55
138,55
138,55
142,55
142,55
164.5,55
164.5,55
167,55
167,55
167,55
167,55
199,55
204,55
101,55
101,55
201,55
201,55
206,38
202,55
184,26
184,32
141,38
144,55
156,55
159,55
153,55
153,55
153,38
155,38
212.65,38
155,55
155,55
207,38
195,38
198,38
207,38
160,38
159,55
104,34
105,34
88,55
156,55
223,55
223,55
203,55
203,55
120,55
167,55
127.5,55
145,34
140,34
139,55
139,55
140,38
100,38
151,38
155,38
140,38
200,38
200,38
171.5,55
141,55
141,55
126,55
139,55
139,55
126,55
140,55
140,55
121,34
110,38
171,32
140,55
140,55
60,55
142,30
158,34
137,32
110,32
110,38
144,55
155,22
158,24
158,28
111,38
111,38
140,76
141,76
60,55
60,55
54,28
80,26
181,38
94,38
141,76
140,76
100,32
146,38
143,32
111,38
109,38
86,28
126,34
140,38
94,18
112,38
140,76
93,24
60,55
170.5,55
140,55
60.2,55
110,38
110,36
170,55
170,55
170,55
141,76
140,36
116,38
90,38
77,22
95,28
95,26
60,55
239,20
239,20
306,55
306,55
200,55
180,55
140,34
150,38
94,30
112,38
135,38
113,38
155,55
146,55
143.7,55
212.5,55
156.8,55
100,30
93,36
110,36
90,28
90,28
163.5,34
137,32
109,34
146,55
146,55
146,55
85,28
80,26
151,38
127,28
60,24
90,24
90,24
118,55
60,22
111,38
136,36
122,38
146.5,32
116,55
105,30
84,38
140,38
140,38
111,38
110,34
140,26
140,38
90,55
140,30
161,55
161,55
148,34
148,34
162,38
160,38
155.75,38
150.8,38
162,38
140,38
273.3,38
171,30
154,26
154,26
182,30
182,30
140,20
140,24
140,24
140,55
140,55
160,55
160,55
430,34
116.5,34
140,34
430,34
368,76
346,76
210,34
210,34
118,34
93,32
140,34
140,30
103,30
113,14
150,32
144,32
140,55
140,55
136,34
140.6,38
160.5,38
149,34
140,32
60,55
140,34
140,38
77,30
60,34
60,34
60,34
115,38
111,38
140,55
140,55
140,55
110,55
110,55
60,55
110,55
198,34
198,34
60,55
60,55
50,55
95,26
110,26
170,30
165,55
165,55
243,38
193,38
60,38
60,55
370,55
370,55
120,55
120,55
120,55
297,55
277,55
230,34
230,34
232,34
205,34
215,34
140,55
140,55
110,55
110,55
110,55
110,55
120,30
120,30
120,30
60,55
60,55
60,55
60,55
95,26
95,26
60,16
60,34
60,26
60,26
60,26
60,55
60,55
60,55
110,55
110,55
60,55
100,55
120,38
70,30
60,55
120,30
120,30
140,55
140,55
100,55
140,38
168,38
109,38
110,55
140,55
110,34
110,34
60,55
130,34
120,34
112,34
60,55
60,55
190,34
140,55
140,55
65,55
145,55
145,55
170,38
170,38
170,38
140,55
140,55
302,76
302,76
377,76
377,76
222,76
222,76
60,55
60,55
60,55
110,55
210,30
210,30
251,30
251,30
60,55
60,55
60,55
160,55
160,55
60,55
60,55
110,55
110,55
110,38
110,38
60,55
60,55
110,38
110,38
110,55
110,55
200,30
95,38
121,38
130,16
110,55
140,34
140,34
56,28
100,38
100,38
140,76
140,76
140,76
140,76
101,38
101,38
136,36
155,76
140,76
140,76
140,76
140,76
104,34
101,38
100,38
116,38
116,38
100,38
140,76
140,76
100,38
110,38
110,38
100,38
60,55
101,38
101.6,38
178,55
178,55
178,55
178,55
140,76
140,76
101,76
300,76
300,76
300,76
300,76
186,55
186,55
100,38
100,76
400,76
290,26
360,26
233,34
233,34
138,76
170,28
58,26
30,28
160,55
150,55
140,76
140,76
50,55
30,55
100,55
104,34
92,34
155,55
155,55
140,55
140,55
90,55
76,34
60,38
60,38
60,55
55,30
60,26
60,26
140,55
146,38
146,38
145,38
145,38
146,38
146,38
145,38
145,38
90,55
90,55
90,55
140,20
145,22
60,24
60,55
60,30
90,55
90,55
155,55
155,55
140,38
140,38
182,76
182,55
53,38
170,55
170,55
140,55
140,55
60,30
60,34
60,34
60,55
373,76
371,76
371,76
155,55
155,55
67,38
60,28
90,55
38,34
60,55
60,10
60,10
123,34
123,34
60,34
90,55
101,34
64,38
64,38
87,26
87,28
174,55
174,55
323,76
323,76
60,38
109,38
109,38
150,76
150,76
148.5,76
149,76
90,38
90,38
90,38
90,38
50,38
75,38
80,38
145,38
145,38
92,30
100,30
100,30
140,55
140,55
50,38
67.3,30
101,30
101,30
100,38
100,38
100,38
220,55
220,55
220,55
170,38
170,38
120,55
120,55
115,55
115,55
120,38
62,38
50,38
110,55
110,55
55,38
55,38
80,30
103,30
65,30
115,55
115,55
110,55
105,55
50,38
92,30
87,30
55,38
55,38
115,55
115,55
117,55
100,55
170,55
170,55
165,55
165,55
128,30
140,30
120,55
120,55
120,38
115,55
115,55
115,55
115,55
120,30
120,30
110,38
112,30
86.5,30
110,55
256,38
253,38
262,76
262,76
202,55
202,55
110,30
120,55
100,30
175,55
305,76
305,76
270,55
270,55
76,30
130,55
115,55
68,30
110,55
110,55
55,38
55,38
55,38
100,38
100,38
130,55
120,55
141,76
100,30
100,55
100,55
85,30
80,30
80,30
50,38
65,30
65,30
130,30
133,30
110,30
184,55
184,55
185,55
185,55
120,55
136,76
303,55
303,55
306,55
306,55
165,38
180,38
157,38
170,38
117.5,30
117.5,30
70,30
42,30
110,30
90,30
149,38
150,38
100,38
210,55
218,55
177,38
191,38
122,38
123,38
120,38
120,38
201,55
210,55
210,55
211,55
249,38
239,38
121.5,38
121.5,38
150,55
160,38
150,38
150,38
164,38
198,76
209,76
150,55
148,38
150,38
151,38
156,30
201.5,30
134,28
156,38
121,55
120,55
121,55
160,38
153,38
80,55
150,55
150,55
150,55
150,55
150,55
151,55
151,55
150,55
150,55
150,55
150,55
150,55
151,38
151,38
153,38
128,38
128,38
185,30
196,30
211,55
211,55
150,55
150,55
150,55
150,55
145,38
140,38
150,55
150,55
183,38
228,38
211,38
211,38
217,55
162,38
159,38
115.5,55
221,76
203,76
246,76
180,76
180,76
80,55
80,55
80,55
120,38
120,38
150,55
378,55
378,55
404,55
404,55
216,38
216,38
185,55
185,55
175,38
220,76
220,76
119,55
303,36
204,36
95,28
167,38
285,38
70,38
285,38
129,38
80,55
150,55
238.5,38
238.5,38
238.5,38
152,55
150,55
150,55
150,55
80,55
80,55
80,55
80,55
150,55
227,38
193,20
110,55
250,38
271,38
271,38
191,38
154,28
142,28
383,34
363,34
363,34
180,24
180,24
80,55
80,55
80,55
80,55
80,55
80,55
80,55
217,38
215,38
155,55
210,55
210,55
210,55
225,38
236,38
460,76
406,76
406,76
355,38
355,38
300,76
300,76
215,38
200,55
135,32
203,38
200,38
170,32
183,38
233,32
249,38
293,38
250,38
156,38
156,38
140,38
143,38
135,55
135,55
229,38
352,38
352,38
128,55
138,38
138,38
201,38
230,38
150,55
80,55
80,55
242,38
266,38
266,38
201,38
395,38
395,38
217,55
217,55
276,38
311,38
199,38
215,38
251,38
252,38
297,38
351,38
351,38
107,28
110,55
150,55
103,38
150,55
160,38
361,38
361,38
361,38
361,38
140,55
110,55
207,30
207,30
331,30
400,30
278,38
270,38
288,38
205,38
227,38
227,38
150,55
193,38
208,38
154,38
155,38
377,36
198,36
350,36
350,36
107,38
120,38
152,38
108,28
174,38
102,38
80,55
80,55
80,55
110,55
110,55
260,36
316,36
316,36
71,36
137,32
218,38
213,38
213,38
150,55
190,38
190,38
175,38
109,20
109,20
104,26
346,28
346,28
150,55
408,76
406.5,76
427,76
427,76
403,76
403,76
125,55
170,55
170,55
105,38
103,38
243,38
211,38
102,38
100,38
221,76
221,76
226,38
228,38
80,55
80,55
299,38
295,38
102,20
220,28
320,76
320,76
318,76
318,76
80,55
80,55
80,55
80,55
200,38
250,38
220,38
110,55
110,55
193,38
190,38
234,38
234,38
80,55
300,38
351,38
351,38
160.7,38
197.2,38
210,28
210,28
210,55
210,55
276,38
163,38
235,38
235,38
311,38
349,38
349,38
110,55
110,55
80,55
80,55
320,76
320,76
322,76
322,76
110,55
110,55
80,55
80,55
87,24
326,36
358.1,36
218.3,36
62.4,36
77.4,36
80,55
80,55
177,38
150,55
150,55
80,55
80,55
140,55
80,55
112,28
127,55
111,55
120,55
125,55
120,55
120,55
125,55
120,22
300,38
299,38
120,32
91,28
91,38
382,36
151,36
338,36
338,36
80,55
46,26
120,20
116,38
180,20
179,22
252,76
252,76
140,30
141,38
112,30
130,38
147,38
325,38
174,38
120,38
120,38
151,38
120,38
127,24
141,30
150,38
150,38
121,55
121,55
137,32
168,14
168,38
132,55
120,55
190,38
294,38
294,38
120,55
177,38
137,55
187,32
203,30
118,55
189,32
171,55
171,55
133,38
133,38
120,55
120,55
120,55
110,38
265,36
362,36
359,36
203,38
203,38
120,55
120,55
130,30
193,38
291,38
127,26
177,38
183,32
191,32
120,24
120,26
120,26
113,38
80,38
85,38
204,32
185,55
185,55
206,30
208,24
208,24
288,38
79,38
375,38
195,38
160,55
160,55
216,32
216,32
201,38
201,38
152,18
267,76
112,38
137,55
245,30
145,30
120,38
120,38
205,38
180,38
249,38
175,38
169,22
169,38
152,30
217,55
217,55
207,38
140,30
272,38
322,76
324,76
80,55
80,55
121,55
121,55
162,18
181,18
110,55
105,36
110,55
81,55
81,55
275,76
341,76
341,76
190,55
190,55
80,38
80,38
358,76
254,76
254,76
225,76
225,76
327,76
80,55
80,55
170,55
216,55
216,55
167,22
174,20
465,38
283,55
283,55
120,38
120,38
120,38
115,76
119,28
168,34
165,38
120,38
182,26
204,24
120,55
120,55
238,38
257,38
196,38
110,55
437,38
110,38
125,38
324,55
324,55
436,55
436,55
127,38
185,55
185,55
160,55
160,55
126,38
80,55
80,55
110,55
180,32
80,38
50,36
121,30
415,38
112,55
423,38
293,38
56,38
188,38
246,22
246,22
127,22
127,55
194,38
192,38
130,55
120,55
168,38
223,38
223,38
157,20
120,38
156,30
247,36
137,24
213,22
80,55
80,55
105,38
103,38
165,38
165,38
114,38
145,76
145,76
140,76
140,76
140,76
140,76
150.5,76
151,76
144.8,76
142.8,76
142.8,76
289,38
289,38
140,76
140,76
140,55
140,55
140,76
140,76
321,76
340,76
408,76
402,76
450,76
320,76
320,76
322,76
320,76
145,76
145,76
140,76
175,76
165,76
140,76
140,76
283,76
210,76
147,76
140,76
140,76
147,76
140,76
140,76
152,76
160.5,76
140,76
140,76
140,76
164,76
181,76
141.5,76
140,76
140,76
140,76
140.9,76
140.8,76
140.8,76
284,38
140,76
140,76
140,76
140,55
140,55
140,76
141,76
141,76
140,76
148,76
141.5,76
140.5,76
140,76
140,76
145.5,38
152,38
140,76
140,76
140,76
140,76
140,76
140,76
155,76
155,76
140,76
150,76
150,76
228,76
228,76
228,76
228,76
228,76
140,76
140,76
140,55
140,76
243,76
318,76
318,76
140,76
140,76
140,76
140,76
140,76
140,76
140,76
145,34
140,28
120,55
120,55
140,55
170,55
170,55
246,55
190,55
190,55
140,55
140,55
141,55
145,55
120,55
120,55
160,55
140,55
120,55
120,55
220,55
220,55
120,55
120,55
176,34
120,55
120,55
120,55
120,55
120,55
120,55
131,24
168,24
145,26
145,12
128,28
143,24
140.6,55
140.7,55
126,32
140,32
140,55
140,55
217,36
263,36
263,36
278,36
278,36
284,36
284,36
168,38
168,38
120,55
120,55
177,32
155,32
140,76
323,38
220,38
200,34
327,32
451,32
331,32
331,32
187,38
353,76
353,76
119,32
271,32
250,32
212,38
196,38
196,38
140,76
140,76
140,76
140,76
224,32
230,32
120,55
120,55
217,38
216,38
141,55
140,55
120,55
140,55
140,55
140,55
120,55
120,55
235,76
314.9,76
166.6,76
410,36
140,76
253,38
243,38
160,22
125,20
210,32
210,32
120,55
120,55
144,28
142,34
185,32
218,32
219,38
202,38
120,55
120,55
120,55
120,55
138,38
138,38
430,76
430,76
432,76
432,76
179,32
143,32
201.5,38
200,38
140,55
140,55
120,55
120,55
120,55
120,55
15,55
15,55
120,55
120,55
182,20
113,22
108,32
141,32
216,32
80,55
80,55
80,55
80,55
140,76
140,76
140,76
140,76
140,76
80,55
80,55
239.8,55
403,76
403,76
406.8,76
406.5,76
120,55
120,55
120,55
120,55
211,38
211,38
140,55
210,76
210,76
210,76
220,32
224,32
225,32
123,55
124,55
124,55
123,55
123,55
80,55
83,55
80,55
80,55
160,55
160,55
271,76
413,76
413,76
411,76
411,76
132,38
80,55
62,38
140,76
140,76
140,76
140,76
272,55
271,55
80,55
157,38
161,38
211,38
211,38
120,55
120,55
170,38
171,55
164,32
165,32
176,38
164,38
164,38
215,38
216,38
287,32
316,32
316,32
155,38
250,38
121,55
151,55
151,55
210,76
210,76
253,38
253,38
210,76
217,76
210,76
210,76
210,76
140,76
140,55
103,32
81,55
171.5,55
141,55
121,38
315,76
315,76
184,38
147,38
140,55
140,76
264,38
262,38
140,76
140,76
475.9,76
475.9,76
458.5,76
458.5,76
478.5,76
408,76
468.1,76
465.8,76
307.5,76
461,76
406,76
512,76
376,38
370,38
121,76
167.9,76
198,38
199,38
261,55
322,76
322,76
323,76
217,76
210,76
210,76
182,30
149,32
150,32
149,32
85,55
80,55
100,38
160,55
160,55
115,55
115,55
80,55
80,55
96,38
160,55
160,55
115,55
115,55
339,32
385,32
385,32
402,32
280,32
210,55
210,55
131,32
80,55
80,55
80,55
80,55
80,55
215,30
144,30
80,55
80,55
200,38
210,38
210,38
151,32
153,32
321,36
400,36
400,36
393,36
393,36
172,36
172,36
81,55
81,55
192,76
140,76
318,36
398,36
398,36
385,36
385,36
125,36
233,36
140,76
102,38
80,55
80,55
90,38
140,55
140,55
120,55
120,55
120,55
120,55
140,76
143,76
80,55
80,55
300,38
300,38
301,38
218,38
240,38
80,55
80,55
175,38
176,38
176,38
107,38
70,76
120,55
115.5,55
70,76
100,55
286.7,38
282,38
282,38
70,76
209,76
211,76
211,76
336,76
336,76
336,76
214,24
204,55
204,55
263,38
302,38
100,76
215,76
215,76
215,76
429,76
456,76
456,76
435,76
435,76
472,76
472,76
453,76
453,76
360.5,24
360,30
360,30
317,38
317,38
210,76
211,76
280,76
280,76
220,38
303.5,38
303.5,38
281,76
282,76
300,38
280,38
280,38
282.2,76
282.5,76
240,38
240,38
240,38
214.6,76
211.2,76
324,76
324,76
324,76
324,38
324,38
100,55
70,76
70,76
253.25,76
253.25,76
145,76
252,38
252,38
101,55
100,55
116,55
337,38
385,38
385,38
70,76
70,76
377,32
383,32
383,32
245,38
110.5,55
95,55
210,76
210,76
100,55
295,76
275,76
297,76
297,76
245,34
208,96
208,96
370,96
380,38
380,38
358,76
357,76
218,96
210,96
259,76
259,76
405,32
405,32
210,96
210,96
394,76
394,76
418,32
418,32
137,76
357,76
357,96
357,96
357,76
105,30
140,96
88,38
212,76
212,76
212,96
212,96
225,96
225,96
210,55
210,55
210,76
210,96
210,96
140,96
390,38
324,38
414,38
414,38
213,76
303,76
296,38
296,38
210,76
210,76
300,76
300,76
301,76
301,76
210,76
210,76
250,96
210,96
210,96
210,96
210,96
210,96
210,96
210,96
210,96
215,76
214,76
215,96
215,96
249,76
222,96
222,96
210,76
210,96
210,96
210,76
137,76
137,55
211,76
211,76
210,96
210,96
140,96
140,96
205,76
210,96
216,76
159,38
217,96
217,76
80,76
211,76
211,76
211,76
229,76
305,76
221,76
370,76
445,76
212,96
210,96
214,76
210,76
210,76
392,76
304,76
304,76
465,76
465,76
140,96
140,96
140,96
140,96
140,96
210,96
210,96
222,96
216,96
216,96
210,76
210,76
210,76
210,76
211,96
211,76
210,76
210,76
210,96
210,96
210,96
210,96
300,76
300,76
301,76
301,76
107,32
89,30
324,38
430,38
360,38
217,76
217,76
311,76
210,76
99,38
140,96
213,96
213,96
140,96
140,96
210,76
210,76
210,76
210,76
344,96
210,96
349,30
349,30
208,32
208,32
210,76
210,76
140,96
216,76
216,76
80,38
79,32
211,96
211,96
251,96
251,96
418,76
418,76
406,76
406,76
428,76
428,76
475,76
475,76
438,76
438,76
282,76
282,76
449,76
449,76
437,76
437,76
210,96
210,96
210,96
210,96
210,96
210,96
210,96
210,96
210,96
222,96
222,96
205,96
203.1,96
210,96
210,96
211,96
211,96
253,76
361,96
361,96
340,76
275,55
298,55
298,55
291,55
210,76
220,76
220,76
115,76
96.2,32
280,76
210,76
210,76
218,96
218,96
220,96
210,96
255,76
255,55
228,76
228,96
211,96
210,96
235,96
235,96
212,76
212,76
80,38
80,38
229,76
221,76
221,76
291,76
212,96
211,96
211,96
211,96
104,32
317,96
380,96
357,96
296,76
296,76
212,76
212,76
260,76
262,76
454,76
341,76
341,76
215,96
210,96
215,76
220,76
301,76
305,96
305,96
210,76
210,76
374,26
369,38
229,38
236,26
236,26
140,38
121,24
190,55
190,55
140,38
186,24
218,24
100,22
216,55
216,55
166,55
170,55
170,55
180,38
160,38
143,28
110,55
143,38
265,38
265,38
211,34
211,24
309,34
371,38
409,76
409,76
190,76
190,76
190,76
175,24
172,38
204,38
120,55
120,55
246,38
243,76
243,76
279,55
225,26
112,26
154,38
165,55
185,55
206,38
164,38
140,34
165,76
164,76
164,76
96,38
165,76
165,76
245,26
380,38
380,34
208,26
236,26
127,24
120,55
120,55
222,38
241,38
155,24
130,24
148,24
140,24
257,38
251,38
251,38
406,38
410,34
338,38
295,38
100,38
162,28
210,28
210,28
124,38
102,20
110,22
117,30
120,55
120,55
120,55
120,55
134,28
156,28
165,28
120,38
120,38
120,55
130,24
120,26
120,55
120,55
190,76
190,76
120,55
120.7,55
149,38
137,38
97,55
136,55
190,55
190,55
205,55
110,55
190,55
190,55
282,76
265,76
264,34
265,34
120,55
120,55
138.5,24
164,76
164,76
120,55
120,55
135,38
120,55
134,55
186,24
164,76
117,38
165,38
307,38
307,38
94,24
190,76
218,76
120,24
210,76
210,76
126,24
140,24
165,55
165,55
135,34
118,24
270,55
270,55
270,55
120,55
166,28
354,38
354,38
117,38
120,55
120,55
190,24
165,76
171,32
281,76
281,76
120,55
120,55
116,24
190,38
250,76
499,76
236,76
461,76
425,76
322,76
461,76
107,76
109,76
335,76
335,76
186,38
134,38
124,24
170,55
170,55
115,55
115,55
120,55
120,55
126,24
267,38
264,38
190,55
190,55
111,55
111,55
268,76
268,76
105,55
105,55
111,38
113,38
190,55
190,55
117,38
168,76
387,76
387,76
438,76
438,76
446,76
446,76
145,76
145,76
166,76
166,76
210,76
210,76
56.4,22
170,76
170,76
158,38
158,38
172,38
170,76
170,76
145,96
145,96
151,76
151,76
45,20
235,76
235,96
235,76
150,96
321,76
321,76
356,76
170,96
168,96
231,38
235,38
170,76
170,76
246,38
250,38
250,38
183,28
231,38
231,38
231,38
144,20
146,20
183,55
183,55
195,55
195,55
137,38
163,24
163,24
170,76
84.4,76
170,76
171.3,76
179.3,38
179.3,38
120,76
160,76
220,96
220,96
220,76
220,76
120,76
170,76
216.3,38
216,38
148,38
160.2,38
200.8,38
200.8,38
200.8,38
120,76
130,76
155,76
155,76
165,38
168,38
155,76
155,76
224,76
217,76
181.9,38
289,38
252,38
145,96
145,96
345,76
200,76
200,76
207,76
207,76
209,76
209,76
140,76
140,76
60,24
58,24
150,76
150,76
45,24
181,76
181,76
150,76
150,76
146,96
146,96
385,76
385,76
387,76
387,76
350,76
350,76
352,76
352,76
148,96
148,96
130,96
135.6,96
148,76
146,76
164,76
155,76
155,76
143,38
170,38
232,76
170.9,76
194,76
197.8,76
200,38
200,38
146,96
284,38
284,38
174,76
171,76
180,76
200,76
361,76
181,76
181,76
181,76
181,76
58,24
193,34
170,76
140,34
144,34
245,24
495,38
200,38
201,38
201,38
201,38
201,38
340,76
403,76
403,76
100,76
100,76
330,76
330,76
330,76
170,55
176,38
120,38
120,38
415,76
415,76
400,76
400,76
260,76
260,76
169,76
117,55
120,76
102,55
106,76
310,20
310,20
300,20
300,20
138,76
138,76
225,26
225,26
105,76
105,76
320,38
306,38
306,38
100,76
210,76
210,76
165,76
85,76
100,55
105,76
361,76
405,76
405,76
405,76
100,76
140,76
98,76
85,76
210,76
210,76
210,76
406,76
80,76
405,76
405,76
101,76
100,76
140,76
116,55
116,55
205,38
80,30
85,76
140,76
140,76
145,76
145,76
105,76
220,38
220,38
160,76
160,76
100,76
50,24
170,32
170,32
170,34
170,34
128,38
320,55
320,55
385,55
402,55
420,55
420,55
100,55
105,76
140,76
140,76
368,38
135,38
415,38
415,76
415,76
220,30
220,30
220,76
220,76
220,76
220,76
100,38
220,55
220,55
220,76
92,55
85,55
85,55
120,76
120,76
70,76
316,76
330,76
330,76
177,76
177,76
115,20
140,76
140,76
120,76
105,55
150,76
180,76
160,76
100,76
100,76
100,76
110,55
289,76
289,76
220,76
220,76
220,76
85,76
242,55
242,55
112,20
185,38
160,38
140,76
140,76
120,76
144,18
120,76
120,76
110,76
100,76
140,76
135,20
85,55
175,55
175,55
100,32
100,76
120,76
120,76
120,76
170,76
170,76
166,76
166,76
210,76
210,76
210,76
170,76
140,76
129,55
347,55
347,55
110,34
131,38
149,38
145,76
145,76
161,34
161,34
415,76
440,76
440,76
200,76
263,76
170,76
170,76
279,76
279,76
394,76
394,76
484,34
393,34
393,34
165,76
165,76
170,76
170,76
212,38
212,38
210,76
270,34
362,34
211,76
211,76
211,76
264,76
264,76
253,76
170,36
170,36
210,76
210,76
196,38
180,38
210,76
210,76
283,38
278,38
278,38
166,76
166,76
166,76
166,76
166,76
96,20
124,20
133,34
167,76
124,38
225,38
225,38
170,38
167,38
145,76
145,76
210,76
222,76
222,76
210,76
210,76
167,34
106,34
244,34
166,76
183,76
202,34
394,38
394,38
271,34
219,34
170,76
170,76
170,76
170,76
170,76
170,76
287,55
287,55
147,76
147,76
170,76
170,76
251,38
158,38
189,55
170,55
170,76
170,76
206,55
247,34
247,34
255,76
255,76
210,76
210,76
162,38
234,38
170,34
170,34
210,76
210,76
165,38
210,76
210,76
420,76
421,76
147,76
147,76
170,76
170,76
240,76
240,76
210,76
210,76
296,38
170,34
165,76
165,76
328,76
328,76
255,76
183.8,30
83,38
172,55
170,55
140,30
149,30
174.4,76
228,76
228,76
163.5,76
163,76
122,14
172,55
166,55
205,76
211,76
185,76
176,96
210,96
210,96
458,76
458,76
488,76
488,76
429,76
429,76
253.5,76
253.5,76
234,76
227,76
422,76
401,76
172.5,76
170,76
162.9,38
162.9,38
121,96
121,96
205.5,76
205.5,76
153,38
155,96
155,96
186.4,55
180,76
176,96
176,96
157,96
157,96
205,96
208.7,96
211,96
211,96
121,96
122,96
183.43,76
183.43,76
196.48,76
196.48,76
120,96
120,96
98,38
177.7,30
177.2,30
125,20
210,96
210,96
120,96
120,96
120,96
121,96
120,96
130,96
151,76
151,76
190,38
190,38
115,76
128.4,96
82,24
63,24
145,96
145,96
165,76
165,76
120,96
120,96
150,96
160,96
144,96
144,96
212,96
212,96
85,38
100,38
193,38
249,38
126,76
126,76
146.4,96
147.7,96
140,96
82,20
218,96
218,96
155,96
152,96
128,96
120,96
150,96
159,96
121,96
121,96
121,96
121,96
180,30
180,30
96,38
94,38
201,38
177,38
259,38
127,38
127,38
169,76
210,76
210,76
402.7,76
402.7,76
360,76
360,76
422,76
422,76
421,76
421,76
396,76
396,76
211,76
211,76
160,76
156,76
156,76
140,76
140,76
204,76
204,76
165,76
165,76
205,38
233,76
233,76
198,76
176,76
247,76
240,76
162.9,76
110,76
207,55
207,55
140,76
140,76
122,96
122,96
200,55
179,55
170,76
195,76
210,38
210,38
210,38
210,38
122,38
122,38
129,30
178,38
142.5,76
220,76
220,76
165,38
249,38
249,38
193,76
187,76
124,96
121,96
121,96
120,96
182.6,38
182.6,38
140,76
155,76
139,76
139,76
140,76
140,76
150,76
150,76
116,32
145,76
145,76
150,76
150,76
70,38
165,55
140,96
140,96
140,96
127,76
127,76
111,38
60,18
305,76
305,76
421,76
421,76
417,76
417,76
370,76
370,76
376,76
322,76
485,76
485,76
507,76
507,76
180,96
180,96
84,38
212,96
231,96
72,32
170,96
170,96
144,76
144,76
101,76
70,76
77,76
52,76
213,96
213,96
52,76
140,76
227,76
285,76
406,76
406,76
216,55
211,24
211,24
155,76
150,76
145,76
145,76
190.5,38
190.5,38
192,76
187,76
150,76
150,76
175,38
175,38
60,38
150,76
150,76
150,76
150,76
150,76
150,76
202,76
202,76
202,76
200,76
200,76
145,76
145,76
145,76
145,76
210,38
202,38
202,38
227,38
147,76
147,76
204,38
170,76
217,76
221,76
150,38
120,38
166,38
166,38
140,38
140,38
177,38
177,38
398,76
398,96
386,96
386,76
180,76
180,76
214,76
214,76
166,76
214,76
214,76
213,76
213,76
150,76
150,76
400,76
400,76
400,76
400,76
400,76
400,76
400,76
305.6,76
254,76
254,76
192,38
168,38
200,76
200,76
169.5,38
190,38
190,38
180,38
180,38
186,38
186.6,76
186.6,76
186.6,76
186.6,76
140,38
144,38
152,76
152,76
120,38
140,38
185,38
193,38
170,76
170,76
390,76
390,76
390,76
390,76
169.5,24
167,24
146,38
152,76
152,76
420,76
420,76
287,76
270,76
237,96
237,96
421,76
419,76
279,76
373,76
436,76
479,76
168,96
168,96
168,96
168,96
458,76
458,76
412,76
415,76
428,76
428,76
256,96
256,96
240,76
240,76
214,76
214,76
218,96
218,96
275,76
275,76
275,76
275,76
160,96
160,96
338,76
338,76
149,76
164,76
150,76
150,76
157,96
157,96
166,96
166,96
162,96
162,96
145,96
145,96
150,96
150,96
150,96
150,96
150,96
149,96
149,96
160,76
160,76
154,96
154,96
150,96
150,96
172,76
162,76
175,96
175,96
151,96
151,96
145,76
145,76
148,76
148,76
150,76
154,76
151,76
151,76
151.5,96
151.5,96
215.7,76
215.7,76
268,38
233,38
196,76
196,76
150,76
150,76
154,96
154,96
156,96
156,96
172,76
151,76
145,96
145,96
150,96
150,96
149,96
159,96
107,76
107,76
105,76
105,76
116,76
105,76
105,76
106,76
146,96
146,96
290,76
290,76
150,96
150,96
403,55
356,55
356,55
224,76
224,76
151,76
151,76
105,76
105,76
105,76
105,76
110,18
105,18
142,96
140,96
142,96
142,96
141,76
140,76
141,96
141,96
145,96
146,96
428.14,76
388,76
418,76
266,76
266,76
218,76
218,76
265,76
265,76
269,76
269,76
169,96
149,96
418.58,76
418.58,76
403,76
403,76
234.5,76
234.5,76
105,76
105,76
215,76
215,76
143,76
143,76
260.15,76
260.15,76
285.17,76
285.17,76
210,76
252.5,76
207,76
207,76
145,96
145,96
228,76
228,76
401.9,76
394,76
433,76
433,76
180,96
180,96
140,76
161,76
161,76
161,76
145,96
145,96
138,76
206,96
206,96
210,96
210,96
84,76
101,38
185.7,76
185.6,76
186.3,76
79,34
81,34
100,34
100,34
280,76
229,76
482,76
482,76
667,76
234,76
475,76
479,96
211,76
285,76
405,96
199,96
199,96
147.6,96
147.6,96
145,96
145,96
208,96
208,96
208,96
208,96
172,76
191,76
151,76
151,76
140,96
140,96
216,76
216,76
120,76
120,76
125,76
170,96
170,96
214,96
210,96
120,96
120,96
140,96
140,96
121,76
121,76
144.6,76
143.7,76
160,96
160,96
147,76
187,76
140,96
140,96
210,96
210,76
210,96
210,96
147,96
147,96
147,96
140,96
140,96
155,96
145,96
180,76
180,76
401,76
401,76
401,76
401,76
401,76
401,76
180,38
180,38
129,96
94,16
120,96
164,96
164,96
100,34
145,76
145,76
120,38
120,38
239,76
120,96
154,96
252,76
252.5,76
116,76
116,76
148,76
150,96
150,96
150,96
140,76
140,76
394,76
394,76
390,76
390,76
402,76
402,76
378,76
378,76
210,76
210,76
170,96
170,96
185,96
185,96
185,76
185,76
145,96
145,96
309,38
309,38
56,38
170,76
200,76
170,76
140,55
140,55
151,38
61,34
105,55
78,38
81,34
114,38
170,76
170,76
170,76
170,76
100,38
90,38
115,34
92,38
85,38
208,38
110,76
280,38
280,38
299,38
299,38
81,38
102,38
102,38
56,38
68,38
110,76
150,76
150,76
151,38
177,76
177,76
180,76
180,76
166,38
166,38
135,38
135,38
70,38
150,76
359,38
252,38
124,38
168,38
192,38
116,38
272,76
245,76
236,76
244,76
205,76
257,76
210,76
226,76
225,76
249,76
83,76
150,76
69,76
173,76
157,96
157,96
146,76
146,76
81,38
81,38
139,76
139,76
152,76
151,76
151,76
101,38
101,76
187,38
187,38
109,38
71,38
70,38
295,38
170,76
59,38
115,38
126,76
91,76
102,38
102,38
151,76
150,76
156,38
70,38
150,76
150,76
150,76
151,76
150,76
85,38
161,38
172,76
172,76
150,76
150,76
150,76
151,76
151,76
381,38
381,38
103,38
151,38
120,76
113,38
132,38
193,38
221,38
140,38
140,76
140,76
78,38
80,38
233,38
278,38
278,38
180,38
180,38
295,38
295,38
90,38
110,38
62,38
75,38
116,38
104,38
192,38
199,38
140,55
170,76
170,76
150,76
150,76
150,76
104,34
150,55
164,55
111,76
111,76
93,38
109,76
203,38
203,38
114,38
114,38
150,38
180,38
276,38
215,38
243,38
353,38
155,76
155,76
150,76
150,76
127,38
119,38
67,34
56,38
81,38
127,38
61,34
92,38
95,38
150,38
190,38
239,76
239,76
150,76
150,76
158,76
158,76
184,38
180,96
180,96
169,38
182,38
110,76
281,38
93,38
119,38
117,38
64,38
94,38
95,38
151.1,76
151.9,76
145,96
145,96
210.5,76
222,76
222,76
211.3,76
211.3,76
213.3,76
213.3,76
145,96
145,96
267,76
267,76
263,76
263,76
212,96
212,96
303,38
303,38
153,96
153,96
210,96
210,96
210,96
210,96
180,96
215,96
220.6,76
254.5,76
270,76
270,76
321,76
321,76
145,96
145,96
148,96
148,76
145,96
145,96
146.7,96
146.7,96
145,96
145,96
212,76
205,76
183,34
183,34
238,76
242,76
174,76
181.2,38
180,38
206,76
170.9,76
170.9,76
170,76
170,76
164,76
161.4,76
238,38
150,96
150,96
194,76
194,76
432.5,76
432.5,76
422,76
422,76
434,76
455,76
402.8,76
407.3,76
247.1,96
247.1,96
160.6,96
216.7,96
160.7,76
150.1,76
419,76
419,96
419,96
419,76
150,96
150,96
212.4,76
236.3,76
216.8,76
220,76
220,76
215.6,76
216.3,76
216,76
221.9,76
221.5,76
223.2,96
223.7,96
145,96
145,96
215,76
215,76
145.7,96
146.2,96
365,76
365,76
145.8,96
223,76
147,96
163.3,96
145,96
145,96
195,38
218,38
218,38
172,76
185,38
389,38
217,38
170,76
137.2,34
161.6,34
211.4,76
211.4,76
154.8,96
153.4,76
153.4,96
212,38
218,38
162,38
161.5,76
161.5,76
399,76
490,76
490,76
498,76
498,76
498,76
498,76
452.3,76
452.3,76
391.4,96
391.4,96
140,76
167,28
222,76
160,76
174,38
170,38
175,76
175,76
157,30
120,76
196,38
223,38
164,38
176,38
182,38
182,38
120,76
170,76
170,76
140,76
170,76
185,38
185,38
128,38
130,32
139,20
175,32
138,32
184,38
185,38
333,76
333,76
200,30
180,76
180,76
117,24
162,24
180,76
180,76
180,76
120,76
160,76
160,76
186,96
408,38
345,38
110,76
110,76
143,20
143,20
178,38
160,38
284,38
300,38
284,38
169,38
160,36
220,38
150,38
150,38
193,38
193,38
125,38
87,14
320,38
320,38
320,38
120,76
110,76
110,76
179,28
108,24
87,18
55,22
212,76
121,96
180,38
180,38
183,38
165,38
160,76
432,76
432,76
345,76
345,76
440,76
120,76
410,76
298,76
298,76
167,76
167,76
191,34
190,38
190,38
190,38
160,76
200,38
240,38
240,38
120,76
194,30
237,38
160,76
180,76
180,76
180,76
160,76
160,76
190,38
167,38
121,38
191,38
278,38
414,76
414,76
414,76
200,76
180,76
180,96
79,28
125,76
125,76
405,76
405,76
405,76
405,76
170,38
165,38
180,36
162,36
125,38
160,76
160,76
160,76
160,76
160,76
190,38
185,38
160,76
160,76
160,76
160,76
190,38
191,38
91,22